mount,x_mm,y_mm,r_over_a,sensor_x_mm,sensor_y_mm,sensor_r_over_a,station,used,mic_dur_ms,mic_jam,strike,peak_mv,pp_mv,snr_db,clipped,rail_ms,rail_max_ms,jam,T60_ms,tau_ms,decay_r2,mode1_hz,mode2_hz,mode3_hz,energy_mv2s,png
mount1,4.0,4.0,0.2263,6.251,2.112,0.2639,5,True,-1,,1,-309.9,441.7,37.7,False,0.0,0.0,False,120.9,17.5,0.924,465.5,287.8,,539.0,strike_001_p15ms.jpg
mount1,4.0,4.0,0.2263,6.251,2.112,0.2639,5,False,-1,,2,-333.3,452.1,38.3,False,0.0,0.0,False,114.6,16.6,0.909,464.3,287.9,,514.5,strike_002_p15ms.jpg
mount1,4.0,4.0,0.2263,6.251,2.112,0.2639,5,False,-1,,3,-329.9,448.4,39.1,False,0.0,0.0,False,140.1,20.3,0.878,464.2,287.5,755.8,516.7,strike_003_p15ms.jpg
mount1,4.0,4.0,0.2263,6.251,2.112,0.2639,5,True,-1,,4,-2480.6,4597.8,34.3,True,11.25,11.25,False,197.0,28.5,0.981,287.2,465.1,509.5,79868.0,strike_004_p15ms.jpg
mount1,4.0,4.0,0.2263,6.251,2.112,0.2639,5,True,-1,,5,-2478.8,4872.7,36.1,True,11.12,11.12,False,178.2,25.8,0.987,287.5,466.0,509.9,78061.6,strike_005_p15ms.jpg
mount1,4.0,8.0,0.3578,6.251,2.112,0.2639,5,False,-1,,1,486.9,656.3,34.6,False,0.0,0.0,False,115.6,16.7,0.956,287.0,505.1,464.3,1931.1,strike_001_p15ms.jpg
mount1,4.0,8.0,0.3578,6.251,2.112,0.2639,5,False,-1,,2,495.5,660.5,34.9,False,0.0,0.0,False,118.3,17.1,0.948,287.0,504.6,574.4,2067.9,strike_002_p15ms.jpg
mount1,4.0,8.0,0.3578,6.251,2.112,0.2639,5,True,-1,,3,187.6,257.6,35.9,False,0.0,0.0,False,118.9,17.2,0.953,504.4,576.5,,348.9,strike_003_p15ms.jpg
mount1,4.0,8.0,0.3578,6.251,2.112,0.2639,5,True,-1,,4,2496.5,4550.1,34.0,True,13.88,13.88,False,184.8,26.7,0.974,287.1,506.9,574.6,100215.2,strike_004_p15ms.jpg
mount1,4.0,8.0,0.3578,6.251,2.112,0.2639,5,True,-1,,5,2502.6,4390.5,31.8,True,15.62,15.62,False,544.6,78.8,0.972,508.8,287.4,464.7,107830.4,strike_005_p15ms.jpg
mount1,4.0,12.0,0.506,-2.443,5.037,0.2239,4,True,-1,,1,1788.6,3457.2,40.2,False,0.0,0.0,False,273.1,39.5,0.999,285.4,511.6,463.1,24901.1,strike_001_p15ms.jpg
mount1,4.0,12.0,0.506,-2.443,5.037,0.2239,4,True,-1,,2,1816.5,3384.6,43.8,False,0.0,0.0,False,322.6,46.7,0.992,285.3,511.4,463.9,25506.5,strike_002_p15ms.jpg
mount1,4.0,12.0,0.506,-2.443,5.037,0.2239,4,True,-1,,3,1676.2,3128.7,37.0,False,0.0,0.0,False,243.6,35.3,0.995,285.4,511.3,,20142.1,strike_003_p15ms.jpg
mount1,4.0,16.0,0.6597,-2.443,5.037,0.2239,4,True,-1,,1,-1452.3,2212.5,43.1,False,0.0,0.0,False,362.0,52.4,0.975,286.1,511.8,851.9,8008.6,strike_001_p15ms.jpg
mount1,4.0,16.0,0.6597,-2.443,5.037,0.2239,4,True,-1,,2,-1423.7,2118.6,41.9,False,0.0,0.0,False,265.4,38.4,0.998,286.1,511.6,,6525.6,strike_002_p15ms.jpg
mount1,4.0,16.0,0.6597,-2.443,5.037,0.2239,4,True,-1,,3,1343.2,2526.4,42.3,False,0.0,0.0,False,391.3,56.6,0.983,285.9,503.3,464.8,12808.4,strike_003_p15ms.jpg
mount1,4.0,20.0,0.8158,-2.443,5.037,0.2239,4,True,-1,,1,-1029.0,1593.8,43.6,False,0.0,0.0,False,260.5,37.7,0.997,287.1,511.0,,2419.0,strike_001_p15ms.jpg
mount1,4.0,20.0,0.8158,-2.443,5.037,0.2239,4,True,-1,,2,-1052.4,1632.6,44.3,False,0.0,0.0,False,300.6,43.5,0.995,287.0,511.3,,2479.9,strike_002_p15ms.jpg
mount1,4.0,20.0,0.8158,-2.443,5.037,0.2239,4,True,-1,,3,-1006.4,1811.2,41.5,False,0.0,0.0,False,280.1,40.5,0.999,286.9,503.5,126.9,6471.0,strike_003_p15ms.jpg
mount1,4.0,-0.0,0.16,0.076,0.081,0.0044,1,True,-1,,1,-2476.7,4946.3,36.2,True,14.88,14.88,False,163.8,23.7,0.951,287.2,504.2,,97420.3,strike_001_p15ms.jpg
mount1,4.0,-0.0,0.16,0.076,0.081,0.0044,1,True,-1,,2,-2481.7,4946.3,33.2,True,14.38,14.38,False,525.9,76.1,0.977,287.2,573.2,,93509.1,strike_002_p15ms.jpg
mount1,4.0,-0.0,0.16,0.076,0.081,0.0044,1,True,-1,,3,-2481.2,4946.0,37.1,True,14.75,14.75,False,152.1,22.0,0.96,287.2,,,96147.9,strike_003_p15ms.jpg
mount1,8.0,4.0,0.3578,6.251,2.112,0.2639,5,True,-1,,1,-317.1,463.5,38.2,False,0.0,0.0,False,129.7,18.8,0.942,465.3,287.5,,558.0,strike_001_p15ms.jpg
mount1,8.0,4.0,0.3578,6.251,2.112,0.2639,5,True,-1,,2,-319.6,468.7,37.0,False,0.0,0.0,False,103.7,15.0,0.961,464.8,287.6,575.8,566.2,strike_002_p15ms.jpg
mount1,8.0,4.0,0.3578,6.251,2.112,0.2639,5,True,-1,,3,-319.7,430.6,37.9,False,0.0,0.0,False,100.4,14.5,0.956,465.3,287.3,572.8,543.7,strike_003_p15ms.jpg
mount1,8.0,8.0,0.4525,6.251,2.112,0.2639,5,True,-1,,1,2483.1,4343.5,44.4,True,2.5,1.38,False,479.1,69.4,0.991,287.3,464.2,579.4,29028.3,strike_001_p15ms.jpg
mount1,8.0,8.0,0.4525,6.251,2.112,0.2639,5,True,-1,,2,2480.3,4238.2,42.7,True,2.62,1.38,False,481.0,69.6,0.992,287.4,510.5,463.3,33559.2,strike_002_p15ms.jpg
mount1,8.0,8.0,0.4525,6.251,2.112,0.2639,5,True,-1,,3,2480.3,4234.3,40.6,True,2.38,1.25,False,374.1,54.2,0.994,287.4,507.8,464.4,29077.9,strike_003_p15ms.jpg
mount1,8.0,12.0,0.5769,6.251,2.112,0.2639,5,False,-1,,1,158.1,192.4,43.0,False,0.0,0.0,False,146.2,21.2,0.929,286.2,462.6,120.4,90.4,strike_001_p15ms.jpg
mount1,8.0,12.0,0.5769,6.251,2.112,0.2639,5,False,-1,,2,311.4,364.5,41.1,False,0.0,0.0,False,285.7,41.4,0.869,286.0,509.1,916.1,325.1,strike_002_p15ms.jpg
mount1,8.0,12.0,0.5769,6.251,2.112,0.2639,5,False,-1,,3,318.2,371.0,39.7,False,0.0,0.0,False,530.8,76.8,0.843,285.8,,,354.8,strike_003_p15ms.jpg
mount1,8.0,12.0,0.5769,6.251,2.112,0.2639,5,False,-1,,4,307.8,361.8,40.8,False,0.0,0.0,False,144.2,20.9,0.962,285.8,120.6,503.7,322.3,strike_004_p15ms.jpg
mount1,8.0,12.0,0.5769,6.251,2.112,0.2639,5,False,-1,,5,2026.3,2674.7,34.2,False,0.0,0.0,False,830.7,120.3,0.911,285.5,463.5,510.3,15876.3,strike_005_p15ms.jpg
mount1,8.0,12.0,0.5769,6.251,2.112,0.2639,5,False,-1,,6,2052.0,2927.9,41.7,False,0.0,0.0,False,964.0,139.6,0.923,286.2,510.3,459.8,15952.7,strike_006_p15ms.jpg
mount1,8.0,12.0,0.5769,6.251,2.112,0.2639,5,True,-1,,7,2485.2,3416.3,41.0,True,1.5,1.5,False,426.9,61.8,0.978,285.9,268.5,,34721.3,strike_007_p15ms.jpg
mount1,8.0,12.0,0.5769,6.251,2.112,0.2639,5,True,-1,,8,2491.6,3291.8,37.9,True,3.25,1.75,False,512.8,74.2,0.883,285.6,461.3,,36752.9,strike_008_p15ms.jpg
mount1,8.0,12.0,0.5769,6.251,2.112,0.2639,5,False,-1,,9,2489.5,3504.9,37.0,True,2.75,1.62,False,284.7,41.2,0.968,285.9,463.4,662.0,43310.8,strike_009_p15ms.jpg
mount1,8.0,12.0,0.5769,6.251,2.112,0.2639,5,True,-1,,10,2482.1,3709.0,36.0,True,4.25,1.88,False,259.2,37.5,0.992,285.9,,,51127.4,strike_010_p15ms.jpg
mount1,8.0,16.0,0.7155,6.251,2.112,0.2639,5,True,-1,,1,2487.5,3639.4,39.9,True,4.75,4.75,False,313.1,45.3,0.951,286.2,505.6,111.9,34032.3,strike_001_p15ms.jpg
mount1,8.0,16.0,0.7155,6.251,2.112,0.2639,5,True,-1,,2,2486.4,3692.5,43.4,True,4.62,2.62,False,472.4,68.4,0.98,286.4,466.0,572.8,44458.3,strike_002_p15ms.jpg
mount1,8.0,16.0,0.7155,6.251,2.112,0.2639,5,True,-1,,3,2481.5,3615.3,38.5,True,4.62,2.62,False,269.7,39.0,0.988,286.4,505.0,,38111.3,strike_003_p15ms.jpg
mount1,8.0,20.0,0.8616,-2.443,5.037,0.2239,4,True,-1,,1,-710.3,1136.1,43.3,False,0.0,0.0,False,255.9,37.0,0.998,287.2,510.8,,1040.8,strike_001_p15ms.jpg
mount1,8.0,20.0,0.8616,-2.443,5.037,0.2239,4,True,-1,,2,-804.9,1141.0,44.2,False,0.0,0.0,False,272.1,39.4,0.999,287.2,504.9,,858.5,strike_002_p15ms.jpg
mount1,8.0,20.0,0.8616,-2.443,5.037,0.2239,4,True,-1,,3,-683.0,1130.6,43.1,False,0.0,0.0,False,286.8,41.5,0.998,287.0,510.3,866.6,1043.7,strike_003_p15ms.jpg
mount1,8.0,-0.0,0.32,6.251,2.112,0.2639,5,False,-1,,1,-2476.7,3694.1,36.6,True,5.88,2.25,False,154.3,22.3,0.965,287.1,464.3,574.4,54211.2,strike_001_p15ms.jpg
mount1,8.0,-0.0,0.32,6.251,2.112,0.2639,5,True,-1,,2,-161.0,227.2,41.4,False,0.0,0.0,False,179.0,25.9,0.951,464.3,287.3,120.5,130.3,strike_002_p15ms.jpg
mount1,8.0,-0.0,0.32,6.251,2.112,0.2639,5,True,-1,,3,-159.7,242.1,38.7,False,0.0,0.0,False,154.1,22.3,0.973,464.9,287.7,119.8,135.4,strike_003_p15ms.jpg
mount1,8.0,-0.0,0.32,6.251,2.112,0.2639,5,True,-1,,4,-147.5,223.5,37.0,False,0.0,0.0,False,150.2,21.7,0.968,464.9,286.9,121.4,127.2,strike_004_p15ms.jpg
mount1,12.0,4.0,0.506,6.251,2.112,0.2639,5,True,-1,,1,-152.1,215.4,40.2,False,0.0,0.0,False,159.2,23.0,0.927,288.4,464.0,122.1,132.5,strike_001_p15ms.jpg
mount1,12.0,4.0,0.506,6.251,2.112,0.2639,5,True,-1,,2,-152.1,226.0,37.8,False,0.0,0.0,False,145.9,21.1,0.958,465.5,288.8,,129.4,strike_002_p15ms.jpg
mount1,12.0,4.0,0.506,6.251,2.112,0.2639,5,True,-1,,3,-150.2,224.1,37.6,False,0.0,0.0,False,144.3,20.9,0.959,466.0,117.7,288.2,129.9,strike_003_p15ms.jpg
mount1,12.0,8.0,0.5769,6.251,2.112,0.2639,5,True,-1,,1,-2476.7,4403.3,36.2,True,8.88,4.62,False,581.3,84.2,0.962,287.6,465.4,506.1,66727.0,strike_001_p15ms.jpg
mount1,12.0,8.0,0.5769,6.251,2.112,0.2639,5,True,-1,,2,-2477.3,4448.2,36.0,True,8.75,4.62,False,308.9,44.7,0.925,465.9,288.3,506.7,66729.6,strike_002_p15ms.jpg
mount1,12.0,8.0,0.5769,6.251,2.112,0.2639,5,True,-1,,3,-2474.5,4307.8,41.4,True,4.5,2.0,False,556.2,80.5,0.963,287.6,465.9,504.8,54899.8,strike_003_p15ms.jpg
mount1,12.0,12.0,0.6788,6.251,2.112,0.2639,5,True,-1,,1,80.3,111.9,45.4,False,0.0,0.0,False,775.2,112.2,0.886,286.6,465.2,120.0,17.3,strike_001_p15ms.jpg
mount1,12.0,12.0,0.6788,6.251,2.112,0.2639,5,True,-1,,2,79.8,116.8,46.5,False,0.0,0.0,False,717.5,103.9,0.905,286.5,100.0,465.3,19.3,strike_002_p15ms.jpg
mount1,12.0,12.0,0.6788,6.251,2.112,0.2639,5,True,-1,,3,78.1,103.2,44.2,False,0.0,0.0,False,739.3,107.0,0.876,286.5,465.6,120.2,15.1,strike_003_p15ms.jpg
mount1,12.0,16.0,0.8,6.251,2.112,0.2639,5,True,-1,,1,2404.2,3334.1,41.7,False,0.0,0.0,False,357.6,51.8,0.987,286.8,465.4,,25752.9,strike_001_p15ms.jpg
mount1,12.0,16.0,0.8,6.251,2.112,0.2639,5,True,-1,,2,2408.1,3305.2,40.6,False,0.0,0.0,False,409.7,59.3,0.97,286.8,,,24995.5,strike_002_p15ms.jpg
mount1,12.0,16.0,0.8,6.251,2.112,0.2639,5,True,-1,,3,2424.3,3293.5,41.3,False,0.0,0.0,False,523.6,75.8,0.97,286.8,465.4,,26357.6,strike_003_p15ms.jpg
mount1,12.0,-0.0,0.48,6.251,2.112,0.2639,5,True,-1,,1,-96.9,138.1,35.4,False,0.0,0.0,False,504.6,73.0,0.882,464.6,119.7,286.9,48.8,strike_001_p15ms.jpg
mount1,12.0,-0.0,0.48,6.251,2.112,0.2639,5,True,-1,,2,-94.8,136.0,38.1,False,0.0,0.0,False,150.2,21.7,0.963,465.9,118.0,574.5,48.8,strike_002_p15ms.jpg
mount1,12.0,-0.0,0.48,6.251,2.112,0.2639,5,True,-1,,3,-94.6,143.7,40.7,False,0.0,0.0,False,255.7,37.0,0.93,464.8,120.8,,50.0,strike_003_p15ms.jpg
mount1,16.0,4.0,0.6597,6.251,2.112,0.2639,5,True,-1,,1,-78.5,118.4,38.3,False,0.0,0.0,False,439.9,63.7,0.959,466.2,120.4,,33.9,strike_001_p15ms.jpg
mount1,16.0,4.0,0.6597,6.251,2.112,0.2639,5,True,-1,,2,-79.3,118.8,40.0,False,0.0,0.0,False,428.6,62.0,0.954,465.2,119.6,290.2,33.0,strike_002_p15ms.jpg
mount1,16.0,4.0,0.6597,6.251,2.112,0.2639,5,True,-1,,3,-77.7,117.3,43.9,False,0.0,0.0,False,591.7,85.7,0.96,466.0,121.3,288.3,33.1,strike_003_p15ms.jpg
mount1,16.0,8.0,0.7155,6.251,2.112,0.2639,5,True,-1,,1,-2480.8,4944.8,34.6,True,12.75,12.75,False,299.5,43.4,0.953,288.5,464.8,510.5,95499.4,strike_001_p15ms.jpg
mount1,16.0,8.0,0.7155,6.251,2.112,0.2639,5,True,-1,,2,-2477.9,4944.8,35.1,True,12.5,12.5,False,305.7,44.3,0.967,288.3,464.5,509.3,93668.4,strike_002_p15ms.jpg
mount1,16.0,8.0,0.7155,6.251,2.112,0.2639,5,True,-1,,3,-2475.6,4485.4,36.4,True,11.62,11.62,False,304.3,44.0,0.949,288.5,509.1,468.7,85843.7,strike_003_p15ms.jpg
mount1,16.0,12.0,0.8,6.251,2.112,0.2639,5,True,-1,,1,-23.6,46.3,32.4,False,0.0,0.0,False,586.2,84.9,0.94,287.3,464.5,119.4,3.5,strike_001_p15ms.jpg
mount1,16.0,12.0,0.8,6.251,2.112,0.2639,5,True,-1,,2,-25.4,48.4,36.7,False,0.0,0.0,False,814.8,118.0,0.799,287.2,100.0,462.5,3.5,strike_002_p15ms.jpg
mount1,16.0,12.0,0.8,6.251,2.112,0.2639,5,True,-1,,3,-25.6,47.0,36.0,False,0.0,0.0,False,679.7,98.4,0.875,287.3,119.6,100.0,3.3,strike_003_p15ms.jpg
mount1,16.0,16.0,0.9051,6.251,2.112,0.2639,5,True,-1,,1,1761.2,2709.7,42.3,False,0.0,0.0,False,446.0,64.6,0.989,287.4,468.9,,16150.1,strike_001_p15ms.jpg
mount1,16.0,16.0,0.9051,6.251,2.112,0.2639,5,True,-1,,2,1797.0,2733.7,39.5,False,0.0,0.0,False,351.1,50.8,0.993,287.5,573.1,,15459.6,strike_002_p15ms.jpg
mount1,16.0,16.0,0.9051,6.251,2.112,0.2639,5,True,-1,,3,1831.3,2980.2,39.6,False,0.0,0.0,False,301.0,43.6,0.997,287.4,576.3,309.1,26747.3,strike_003_p15ms.jpg
mount1,16.0,-0.0,0.64,6.251,2.112,0.2639,5,True,-1,,1,-51.3,68.4,43.5,False,0.0,0.0,False,536.2,77.6,0.951,468.1,119.6,285.9,7.3,strike_001_p15ms.jpg
mount1,16.0,-0.0,0.64,6.251,2.112,0.2639,5,True,-1,,2,-50.8,69.3,39.8,False,0.0,0.0,False,315.4,45.7,0.902,466.0,120.3,,7.5,strike_002_p15ms.jpg
mount1,16.0,-0.0,0.64,6.251,2.112,0.2639,5,True,-1,,3,-51.2,71.2,40.6,False,0.0,0.0,False,524.1,75.9,0.919,466.3,119.5,,7.0,strike_003_p15ms.jpg
mount1,20.0,4.0,0.8158,6.251,2.112,0.2639,5,True,-1,,1,-43.6,57.7,40.4,False,0.0,0.0,False,579.6,83.9,0.96,120.0,468.5,288.4,3.0,strike_001_p15ms.jpg
mount1,20.0,4.0,0.8158,6.251,2.112,0.2639,5,True,-1,,2,-40.9,58.0,40.7,False,0.0,0.0,False,726.1,105.1,0.961,119.4,466.1,289.3,3.0,strike_002_p15ms.jpg
mount1,20.0,4.0,0.8158,6.251,2.112,0.2639,5,True,-1,,3,-42.4,60.0,40.2,False,0.0,0.0,False,626.1,90.6,0.931,119.8,466.1,289.6,3.1,strike_003_p15ms.jpg
mount1,20.0,8.0,0.8616,6.251,2.112,0.2639,5,True,-1,,1,-2472.7,3583.0,45.9,True,2.25,2.25,False,311.1,45.0,0.992,289.2,508.5,466.4,23747.1,strike_001_p15ms.jpg
mount1,20.0,8.0,0.8616,6.251,2.112,0.2639,5,False,-1,,2,-2472.1,3809.4,40.9,True,2.0,2.0,False,277.4,40.2,0.995,289.2,508.2,466.8,24348.6,strike_002_p15ms.jpg
mount1,20.0,8.0,0.8616,6.251,2.112,0.2639,5,False,-1,,3,49.4,70.2,42.7,False,0.0,0.0,False,337.1,48.8,0.997,289.2,509.5,119.8,7.7,strike_003_p15ms.jpg
mount1,20.0,8.0,0.8616,6.251,2.112,0.2639,5,True,-1,,4,-44.7,67.2,35.4,False,0.0,0.0,False,206.5,29.9,0.966,287.7,100.5,464.9,7.6,strike_004_p15ms.jpg
mount1,20.0,8.0,0.8616,6.251,2.112,0.2639,5,True,-1,,5,-42.3,79.1,39.9,False,0.0,0.0,False,697.9,101.0,0.906,287.8,100.0,465.9,9.8,strike_005_p15ms.jpg
mount1,20.0,-0.0,0.8,6.251,2.112,0.2639,5,True,-1,,1,-33.3,47.9,39.3,False,0.0,0.0,False,726.4,105.2,0.931,120.2,467.6,288.1,2.2,strike_001_p15ms.jpg
mount1,20.0,-0.0,0.8,6.251,2.112,0.2639,5,False,-1,,2,-34.9,49.8,37.5,False,0.0,0.0,False,409.1,59.2,0.915,120.0,464.9,288.8,2.3,strike_002_p15ms.jpg
mount1,20.0,-0.0,0.8,6.251,2.112,0.2639,5,False,-1,,3,-33.3,51.8,37.4,False,0.0,0.0,False,150.8,21.8,0.993,465.4,119.7,287.9,2.5,strike_003_p15ms.jpg
mount1,20.0,-0.0,0.8,6.251,2.112,0.2639,5,True,-1,,4,-36.2,53.9,37.7,False,0.0,0.0,False,267.4,38.7,0.922,119.5,467.2,289.2,2.8,strike_004_p15ms.jpg
mount1,20.0,-0.0,0.8,6.251,2.112,0.2639,5,True,-1,,5,-37.8,55.1,38.7,False,0.0,0.0,False,593.3,85.9,0.918,120.1,466.6,290.7,2.7,strike_005_p15ms.jpg
mount1,-0.0,4.0,0.16,0.076,0.081,0.0044,1,True,-1,,1,-2481.4,4946.0,34.1,True,14.5,14.5,False,152.9,22.1,0.896,286.9,658.5,,102271.5,strike_001_p15ms.jpg
mount1,-0.0,4.0,0.16,0.076,0.081,0.0044,1,True,-1,,2,-2484.6,4946.0,34.0,True,14.25,14.25,False,156.6,22.7,0.862,287.1,509.1,,98745.2,strike_002_p15ms.jpg
mount1,-0.0,4.0,0.16,0.076,0.081,0.0044,1,True,-1,,3,-2482.8,4946.0,34.1,True,14.62,14.62,False,152.3,22.0,0.9,287.2,,,104056.1,strike_003_p15ms.jpg
mount1,-0.0,8.0,0.32,-2.443,5.037,0.2239,4,False,-1,,1,-94.9,137.3,46.2,False,0.0,0.0,False,779.8,112.9,0.917,285.0,120.1,510.1,22.1,strike_001_p15ms.jpg
mount1,-0.0,8.0,0.32,-2.443,5.037,0.2239,4,False,-1,,2,-129.3,181.2,48.2,False,0.0,0.0,False,753.5,109.1,0.78,285.2,502.4,119.3,32.1,strike_002_p15ms.jpg
mount1,-0.0,8.0,0.32,-2.443,5.037,0.2239,4,True,-1,,3,1993.9,2818.0,44.7,False,0.0,0.0,False,284.6,41.2,0.998,285.2,510.5,460.0,8318.3,strike_003_p15ms.jpg
mount1,-0.0,8.0,0.32,-2.443,5.037,0.2239,4,True,-1,,4,1905.5,2936.9,43.0,False,0.0,0.0,False,259.9,37.6,0.99,285.3,510.4,269.0,8569.5,strike_004_p15ms.jpg
mount1,-0.0,8.0,0.32,-2.443,5.037,0.2239,4,True,-1,,5,1903.9,2529.3,43.6,False,0.0,0.0,False,268.9,38.9,0.995,285.3,511.5,466.6,8527.7,strike_005_p15ms.jpg
mount1,-0.0,12.0,0.48,-2.443,5.037,0.2239,4,True,-1,,1,1876.6,3531.5,41.7,False,0.0,0.0,False,272.7,39.5,0.999,285.4,509.4,652.2,22014.4,strike_001_p15ms.jpg
mount1,-0.0,12.0,0.48,-2.443,5.037,0.2239,4,True,-1,,2,-1664.2,2310.5,42.9,False,0.0,0.0,False,255.1,36.9,0.965,285.5,512.4,502.9,6008.7,strike_002_p15ms.jpg
mount1,-0.0,12.0,0.48,-2.443,5.037,0.2239,4,True,-1,,3,-1259.2,2249.0,40.2,False,0.0,0.0,False,299.7,43.4,0.997,285.7,511.7,462.6,8765.3,strike_003_p15ms.jpg
mount1,-0.0,16.0,0.64,-2.443,5.037,0.2239,4,True,-1,,1,1467.1,2689.7,43.4,False,0.0,0.0,False,445.6,64.5,0.982,285.8,506.2,,11723.5,strike_001_p15ms.jpg
mount1,-0.0,16.0,0.64,-2.443,5.037,0.2239,4,True,-1,,2,1597.4,2797.2,41.6,False,0.0,0.0,False,425.2,61.6,0.97,285.7,510.5,,14887.3,strike_002_p15ms.jpg
mount1,-0.0,16.0,0.64,-2.443,5.037,0.2239,4,True,-1,,3,904.3,1807.9,37.8,False,0.0,0.0,False,246.0,35.6,0.995,285.9,507.9,844.5,7899.8,strike_003_p15ms.jpg
mount1,-0.0,20.0,0.8,-2.443,5.037,0.2239,4,True,-1,,1,-1062.6,1851.7,39.6,False,0.0,0.0,False,307.6,44.5,0.995,286.8,505.2,,7096.7,strike_001_p15ms.jpg
mount1,-0.0,20.0,0.8,-2.443,5.037,0.2239,4,True,-1,,2,1793.8,3037.0,43.8,False,0.0,0.0,False,342.3,49.6,0.989,286.8,508.7,,19631.0,strike_002_p15ms.jpg
mount1,-0.0,20.0,0.8,-2.443,5.037,0.2239,4,True,-1,,3,-1070.3,1875.8,39.2,False,0.0,0.0,False,233.2,33.8,0.995,287.1,511.5,,4335.3,strike_003_p15ms.jpg
mount1,-0.0,-0.0,0.0,0.076,0.081,0.0044,1,False,-1,,1,-2007.8,2603.8,34.0,False,0.0,0.0,False,157.0,22.7,0.899,287.6,463.9,,34905.8,strike_001_p15ms.jpg
mount1,-0.0,-0.0,0.0,0.076,0.081,0.0044,1,False,-1,,2,-1908.9,2535.4,33.4,False,0.0,0.0,False,164.2,23.8,0.893,287.4,459.4,,35126.3,strike_002_p15ms.jpg
mount1,-0.0,-0.0,0.0,0.076,0.081,0.0044,1,False,-1,,3,-2478.2,4946.3,33.2,True,14.38,14.38,False,177.3,25.7,0.903,287.0,511.2,,103817.9,strike_003_p15ms.jpg
mount1,-0.0,-0.0,0.0,0.076,0.081,0.0044,1,True,-1,,4,-2476.7,4946.6,36.3,True,14.75,14.75,False,109.1,15.8,0.933,287.1,773.5,763.9,113496.4,strike_004_p15ms.jpg
mount1,-0.0,-0.0,0.0,0.076,0.081,0.0044,1,True,-1,,5,-2477.9,4946.3,32.8,True,14.38,14.38,False,152.2,22.0,0.905,287.1,853.7,,107921.0,strike_005_p15ms.jpg
mount1,-0.0,-0.0,0.0,0.076,0.081,0.0044,1,True,-1,,6,-2480.3,4946.3,35.2,True,17.0,15.75,False,101.4,14.7,0.911,287.1,,,121623.4,strike_006_p15ms.jpg
mount2,0.0,4.0,0.16,0.401,0.162,0.0173,1,False,-1,,1,-2478.8,4944.8,34.2,True,15.25,15.25,False,260.8,37.8,0.864,,,,101227.4,strike_001_p15ms.jpg
mount2,0.0,4.0,0.16,0.401,0.162,0.0173,1,True,-1,,2,-2474.5,4945.1,32.6,True,15.0,15.0,False,382.8,55.4,0.992,289.8,,,97950.9,strike_002_p15ms.jpg
mount2,0.0,4.0,0.16,0.401,0.162,0.0173,1,True,-1,,3,-2479.4,4944.8,36.9,True,15.38,15.38,False,227.4,32.9,0.941,290.0,382.0,,104891.8,strike_003_p15ms.jpg
mount2,0.0,4.0,0.16,0.401,0.162,0.0173,1,True,-1,,4,-2473.6,4944.8,34.4,True,15.88,15.88,False,214.1,31.0,0.93,289.9,971.9,,106258.6,strike_004_p15ms.jpg
mount2,0.0,8.0,0.32,-2.768,6.094,0.2677,4,True,-1,,1,313.5,607.6,37.9,False,0.0,0.0,False,132.6,19.2,0.967,290.3,505.6,,576.9,strike_001_p15ms.jpg
mount2,0.0,8.0,0.32,-2.768,6.094,0.2677,4,True,-1,,2,309.2,562.7,40.9,False,0.0,0.0,False,408.4,59.1,0.952,290.3,500.7,,424.0,strike_002_p15ms.jpg
mount2,0.0,8.0,0.32,-2.768,6.094,0.2677,4,True,-1,,3,338.2,593.1,40.0,False,0.0,0.0,False,305.3,44.2,0.974,290.3,501.1,,426.8,strike_003_p15ms.jpg
mount2,0.0,12.0,0.48,-2.768,6.094,0.2677,4,True,-1,,1,-602.9,972.1,38.1,False,0.0,0.0,False,138.1,20.0,0.942,290.3,509.4,,1923.3,strike_001_p15ms.jpg
mount2,0.0,12.0,0.48,-2.768,6.094,0.2677,4,True,-1,,2,-594.7,965.4,38.6,False,0.0,0.0,False,153.2,22.2,0.939,290.4,509.6,,1827.5,strike_002_p15ms.jpg
mount2,0.0,12.0,0.48,-2.768,6.094,0.2677,4,True,-1,,3,-532.9,868.9,40.1,False,0.0,0.0,False,179.2,25.9,0.979,290.5,506.8,559.2,1407.7,strike_003_p15ms.jpg
mount2,0.0,16.0,0.64,-2.768,6.094,0.2677,4,True,-1,,1,-176.2,291.3,46.4,False,0.0,0.0,False,435.1,63.0,0.979,290.9,510.2,120.3,160.0,strike_001_p15ms.jpg
mount2,0.0,16.0,0.64,-2.768,6.094,0.2677,4,True,-1,,2,-197.8,308.7,41.5,False,0.0,0.0,False,481.1,69.6,0.984,290.8,509.8,,153.1,strike_002_p15ms.jpg
mount2,0.0,16.0,0.64,-2.768,6.094,0.2677,4,True,-1,,3,-219.3,336.0,43.8,False,0.0,0.0,False,548.8,79.5,0.984,290.7,509.7,559.9,156.1,strike_003_p15ms.jpg
mount2,0.0,20.0,0.8,-2.768,6.094,0.2677,4,True,-1,,1,-149.3,234.4,44.6,False,0.0,0.0,False,674.9,97.7,0.935,291.3,510.5,103.9,74.3,strike_001_p15ms.jpg
mount2,0.0,20.0,0.8,-2.768,6.094,0.2677,4,True,-1,,2,-149.2,257.7,45.1,False,0.0,0.0,False,664.9,96.3,0.944,291.3,510.1,267.8,89.9,strike_002_p15ms.jpg
mount2,0.0,20.0,0.8,-2.768,6.094,0.2677,4,True,-1,,3,-144.6,265.3,43.7,False,0.0,0.0,False,564.7,81.7,0.942,291.4,509.6,267.7,90.7,strike_003_p15ms.jpg
mount2,0.0,-0.0,0.0,0.401,0.162,0.0173,1,False,-1,,1,2480.0,4945.1,40.2,True,13.25,7.62,False,163.4,23.7,0.95,289.4,,,72627.8,strike_001_p15ms.jpg
mount2,0.0,-0.0,0.0,0.401,0.162,0.0173,1,False,-1,,2,-2474.2,4945.1,34.0,True,16.12,11.5,False,509.8,73.8,0.907,289.6,,,93780.2,strike_002_p15ms.jpg
mount2,0.0,-0.0,0.0,0.401,0.162,0.0173,1,True,-1,,3,-2477.6,4945.1,34.7,True,15.62,4.62,False,388.6,56.3,0.908,289.6,,,85563.8,strike_003_p15ms.jpg
mount2,0.0,-0.0,0.0,0.401,0.162,0.0173,1,True,-1,,4,2473.3,4945.7,34.0,True,15.5,8.75,False,399.9,57.9,0.943,289.8,,,89403.0,strike_004_p15ms.jpg
mount2,0.0,-0.0,0.0,0.401,0.162,0.0173,1,False,-1,,5,-2486.1,4945.1,32.7,True,15.5,15.5,False,643.6,93.2,0.944,289.3,691.7,,94090.4,strike_005_p15ms.jpg
mount2,0.0,-0.0,0.0,0.401,0.162,0.0173,1,False,-1,,6,-2490.9,4910.3,45.7,False,0.0,0.0,False,220.5,31.9,0.846,290.7,,,39008.0,strike_006_p15ms.jpg
mount2,0.0,-0.0,0.0,0.401,0.162,0.0173,1,True,-1,,7,2468.4,4936.2,49.2,True,2.12,1.25,False,454.8,65.8,0.97,289.3,,,44346.9,strike_007_p15ms.jpg
mount2,-4.0,4.0,0.2263,-2.768,6.094,0.2677,4,True,-1,,1,205.2,310.0,35.1,False,0.0,0.0,False,163.5,23.7,0.971,289.7,465.0,501.8,368.9,strike_001_p15ms.jpg
mount2,-4.0,4.0,0.2263,-2.768,6.094,0.2677,4,True,-1,,2,205.1,297.1,33.8,False,0.0,0.0,False,149.4,21.6,0.959,289.7,465.4,501.7,376.1,strike_002_p15ms.jpg
mount2,-4.0,4.0,0.2263,-2.768,6.094,0.2677,4,True,-1,,3,200.3,299.4,35.1,False,0.0,0.0,False,165.2,23.9,0.962,289.7,466.7,501.5,374.3,strike_003_p15ms.jpg
mount2,-4.0,8.0,0.3578,-2.768,6.094,0.2677,4,True,-1,,1,417.1,607.9,40.1,False,0.0,0.0,False,300.9,43.6,0.987,290.1,505.6,559.5,768.6,strike_001_p15ms.jpg
mount2,-4.0,8.0,0.3578,-2.768,6.094,0.2677,4,True,-1,,2,403.2,580.3,41.9,False,0.0,0.0,False,255.9,37.0,0.994,290.0,505.1,559.3,672.6,strike_002_p15ms.jpg
mount2,-4.0,8.0,0.3578,-2.768,6.094,0.2677,4,True,-1,,3,448.8,652.3,39.7,False,0.0,0.0,False,242.9,35.2,0.994,290.2,503.4,560.9,850.8,strike_003_p15ms.jpg
mount2,-4.0,12.0,0.506,-2.768,6.094,0.2677,4,True,-1,,1,-355.7,674.0,40.3,False,0.0,0.0,False,251.7,36.4,0.999,290.4,505.0,579.6,756.8,strike_001_p15ms.jpg
mount2,-4.0,12.0,0.506,-2.768,6.094,0.2677,4,True,-1,,2,338.2,604.6,38.0,False,0.0,0.0,False,232.0,33.6,0.998,290.4,505.2,,712.3,strike_002_p15ms.jpg
mount2,-4.0,12.0,0.506,-2.768,6.094,0.2677,4,True,-1,,3,324.1,535.1,37.4,False,0.0,0.0,False,165.0,23.9,0.964,290.3,510.0,119.0,572.6,strike_003_p15ms.jpg
mount2,-4.0,16.0,0.6597,-2.768,6.094,0.2677,4,True,-1,,1,513.8,705.9,35.3,False,0.0,0.0,False,152.6,22.1,0.925,510.1,290.8,559.4,1955.4,strike_001_p15ms.jpg
mount2,-4.0,16.0,0.6597,-2.768,6.094,0.2677,4,True,-1,,2,510.0,739.5,37.2,False,0.0,0.0,False,173.9,25.2,0.986,290.8,509.9,560.0,1994.9,strike_002_p15ms.jpg
mount2,-4.0,16.0,0.6597,-2.768,6.094,0.2677,4,True,-1,,3,472.2,698.3,35.3,False,0.0,0.0,False,164.2,23.8,0.97,290.8,510.1,761.1,1879.2,strike_003_p15ms.jpg
mount2,-4.0,20.0,0.8158,-2.768,6.094,0.2677,4,True,-1,,1,177.4,290.1,44.6,False,0.0,0.0,False,524.9,76.0,0.947,291.4,510.3,268.9,121.1,strike_001_p15ms.jpg
mount2,-4.0,20.0,0.8158,-2.768,6.094,0.2677,4,True,-1,,2,176.3,287.6,45.0,False,0.0,0.0,False,496.2,71.8,0.95,291.5,509.9,269.1,111.3,strike_002_p15ms.jpg
mount2,-4.0,20.0,0.8158,-2.768,6.094,0.2677,4,True,-1,,3,174.4,287.9,45.5,False,0.0,0.0,False,497.3,72.0,0.957,291.5,510.1,269.2,114.8,strike_003_p15ms.jpg
mount2,-4.0,-0.0,0.16,0.401,0.162,0.0173,1,False,-1,,1,-252.3,501.2,42.6,False,0.0,0.0,False,115.4,16.7,0.882,287.0,,,423.0,strike_001_p15ms.jpg
mount2,-4.0,-0.0,0.16,0.401,0.162,0.0173,1,False,-1,,2,-245.7,456.4,47.7,False,0.0,0.0,False,300.1,43.4,0.945,286.8,,,298.8,strike_002_p15ms.jpg
mount2,-4.0,-0.0,0.16,0.401,0.162,0.0173,1,False,-1,,3,2496.5,3771.3,34.1,True,10.5,8.62,False,663.6,96.1,0.929,286.2,104.7,,71972.7,strike_003_p15ms.jpg
mount2,-4.0,-0.0,0.16,0.401,0.162,0.0173,1,False,-1,,4,2495.6,4945.1,35.0,True,13.25,9.12,False,640.4,92.7,0.95,286.3,461.8,508.2,84121.7,strike_004_p15ms.jpg
mount2,-4.0,-0.0,0.16,0.401,0.162,0.0173,1,False,-1,,5,80.0,102.1,39.9,False,0.0,0.0,False,229.8,33.3,0.904,286.5,119.5,464.1,22.2,strike_005_p15ms.jpg
mount2,-4.0,-0.0,0.16,0.401,0.162,0.0173,1,False,-1,,6,80.8,107.3,41.4,False,0.0,0.0,False,166.9,24.2,0.913,286.4,463.4,120.1,27.3,strike_006_p15ms.jpg
mount2,-4.0,-0.0,0.16,0.401,0.162,0.0173,1,False,-1,,7,81.9,108.8,40.5,False,0.0,0.0,False,130.5,18.9,0.922,286.7,464.1,119.8,24.8,strike_007_p15ms.jpg
mount2,-4.0,-0.0,0.16,0.401,0.162,0.0173,1,False,-1,,8,80.9,109.0,41.8,False,0.0,0.0,False,160.4,23.2,0.922,461.7,285.9,120.6,26.3,strike_008_p15ms.jpg
mount2,-4.0,-0.0,0.16,0.401,0.162,0.0173,1,False,-1,,9,2494.0,4945.1,33.9,True,12.5,9.0,False,512.6,74.2,0.939,286.4,464.3,505.8,78031.9,strike_009_p15ms.jpg
mount2,-4.0,-0.0,0.16,0.401,0.162,0.0173,1,False,-1,,10,2495.0,4811.1,41.1,True,9.0,7.25,False,360.6,52.2,0.89,287.4,,,64411.1,strike_010_p15ms.jpg
mount2,-4.0,-0.0,0.16,0.401,0.162,0.0173,1,True,-1,,11,2496.8,4350.9,31.9,True,13.75,3.62,False,453.1,65.6,0.975,289.7,,,86891.0,strike_011_p15ms.jpg
mount2,-4.0,-0.0,0.16,0.401,0.162,0.0173,1,True,-1,,12,2497.1,4395.7,32.4,True,15.38,15.38,False,256.5,37.1,0.939,288.7,270.3,642.3,102524.2,strike_012_p15ms.jpg
mount2,-4.0,-0.0,0.16,0.401,0.162,0.0173,1,True,-1,,13,2495.6,4338.6,30.7,True,15.12,12.0,False,273.7,39.6,0.923,289.3,,,97034.1,strike_013_p15ms.jpg
mount2,-8.0,4.0,0.3578,-2.768,6.094,0.2677,4,True,-1,,1,188.3,309.4,35.6,False,0.0,0.0,False,175.0,25.3,0.98,289.8,507.6,559.9,307.7,strike_001_p15ms.jpg
mount2,-8.0,4.0,0.3578,-2.768,6.094,0.2677,4,True,-1,,2,190.4,308.5,37.0,False,0.0,0.0,False,176.8,25.6,0.98,289.8,507.1,559.0,305.2,strike_002_p15ms.jpg
mount2,-8.0,4.0,0.3578,-2.768,6.094,0.2677,4,True,-1,,3,182.0,294.8,34.7,False,0.0,0.0,False,171.6,24.8,0.973,289.8,265.3,507.8,299.1,strike_003_p15ms.jpg
mount2,-8.0,8.0,0.4525,-2.768,6.094,0.2677,4,True,-1,,1,491.9,764.5,37.5,False,0.0,0.0,False,173.7,25.1,0.98,290.1,503.5,264.6,1404.3,strike_001_p15ms.jpg
mount2,-8.0,8.0,0.4525,-2.768,6.094,0.2677,4,True,-1,,2,513.0,756.3,37.3,False,0.0,0.0,False,154.4,22.3,0.959,290.1,509.1,560.2,1354.7,strike_002_p15ms.jpg
mount2,-8.0,8.0,0.4525,-2.768,6.094,0.2677,4,True,-1,,3,533.8,800.2,38.1,False,0.0,0.0,False,171.2,24.8,0.979,290.2,509.3,560.0,1375.1,strike_003_p15ms.jpg
mount2,-8.0,12.0,0.5769,-2.768,6.094,0.2677,4,True,-1,,1,587.4,794.1,34.7,False,0.0,0.0,False,139.6,20.2,0.945,510.0,290.3,267.1,2649.6,strike_001_p15ms.jpg
mount2,-8.0,12.0,0.5769,-2.768,6.094,0.2677,4,True,-1,,2,609.5,859.5,34.9,False,0.0,0.0,False,144.3,20.9,0.962,290.4,509.3,559.9,2624.7,strike_002_p15ms.jpg
mount2,-8.0,12.0,0.5769,-2.768,6.094,0.2677,4,True,-1,,3,552.6,770.1,34.3,False,0.0,0.0,False,144.3,20.9,0.943,290.4,502.3,266.2,2648.1,strike_003_p15ms.jpg
mount2,-8.0,16.0,0.7155,-2.768,6.094,0.2677,4,True,-1,,1,493.1,721.9,34.5,False,0.0,0.0,False,159.7,23.1,0.969,290.8,509.5,560.3,2129.5,strike_001_p15ms.jpg
mount2,-8.0,16.0,0.7155,-2.768,6.094,0.2677,4,True,-1,,2,476.2,732.3,35.2,False,0.0,0.0,False,182.6,26.4,0.99,290.8,510.7,580.3,2115.5,strike_002_p15ms.jpg
mount2,-8.0,16.0,0.7155,-2.768,6.094,0.2677,4,True,-1,,3,495.5,736.1,35.9,False,0.0,0.0,False,176.9,25.6,0.99,290.8,509.6,559.9,2136.1,strike_003_p15ms.jpg
mount2,-8.0,20.0,0.8616,-2.768,6.094,0.2677,4,True,-1,,1,155.7,234.5,42.0,False,0.0,0.0,False,269.1,39.0,0.996,291.6,507.0,268.4,87.5,strike_001_p15ms.jpg
mount2,-8.0,20.0,0.8616,-2.768,6.094,0.2677,4,True,-1,,2,171.3,245.5,44.1,False,0.0,0.0,False,470.5,68.1,0.955,291.6,507.4,268.7,93.6,strike_002_p15ms.jpg
mount2,-8.0,20.0,0.8616,-2.768,6.094,0.2677,4,True,-1,,3,158.8,237.3,42.4,False,0.0,0.0,False,481.6,69.7,0.954,291.6,507.0,268.6,89.3,strike_003_p15ms.jpg
mount2,-8.0,-0.0,0.32,5.439,2.519,0.2398,5,True,-1,,1,32.2,42.1,36.8,False,0.0,0.0,False,693.4,100.4,0.941,120.3,287.0,456.1,2.5,strike_001_p15ms.jpg
mount2,-8.0,-0.0,0.32,5.439,2.519,0.2398,5,True,-1,,2,32.6,43.2,37.1,False,0.0,0.0,False,612.7,88.7,0.921,119.8,286.4,,2.6,strike_002_p15ms.jpg
mount2,-8.0,-0.0,0.32,5.439,2.519,0.2398,5,True,-1,,3,32.6,41.0,38.1,False,0.0,0.0,False,580.9,84.1,0.908,120.1,286.7,,2.5,strike_003_p15ms.jpg
mount2,-12.0,4.0,0.506,5.439,2.519,0.2398,5,True,-1,,1,30.9,42.9,33.6,False,0.0,0.0,False,1131.0,163.7,0.851,287.2,119.7,465.6,3.6,strike_001_p15ms.jpg
mount2,-12.0,4.0,0.506,5.439,2.519,0.2398,5,True,-1,,2,31.1,42.9,36.2,False,0.0,0.0,False,942.9,136.5,0.887,287.5,119.8,744.7,3.7,strike_002_p15ms.jpg
mount2,-12.0,4.0,0.506,5.439,2.519,0.2398,5,True,-1,,3,31.9,43.8,37.1,False,0.0,0.0,False,925.1,133.9,0.939,286.9,120.3,463.5,3.4,strike_003_p15ms.jpg
mount2,-12.0,8.0,0.5769,-2.768,6.094,0.2677,4,True,-1,,1,192.8,284.0,37.3,False,0.0,0.0,False,162.2,23.5,0.96,290.2,465.6,266.0,211.1,strike_001_p15ms.jpg
mount2,-12.0,8.0,0.5769,-2.768,6.094,0.2677,4,False,-1,,2,182.2,253.0,38.1,False,0.0,0.0,False,144.2,20.9,0.925,289.9,466.2,266.3,195.5,strike_002_p15ms.jpg
mount2,-12.0,8.0,0.5769,-2.768,6.094,0.2677,4,True,-1,,3,533.9,788.1,36.7,False,0.0,0.0,False,176.7,25.6,0.981,290.3,265.9,503.9,1709.1,strike_003_p15ms.jpg
mount2,-12.0,8.0,0.5769,-2.768,6.094,0.2677,4,False,-1,,4,538.5,701.7,37.7,False,0.0,0.0,False,137.4,19.9,0.937,503.7,560.0,267.2,1528.4,strike_004_p15ms.jpg
mount2,-12.0,8.0,0.5769,-2.768,6.094,0.2677,4,True,-1,,5,511.0,702.7,37.3,False,0.0,0.0,False,142.0,20.6,0.959,290.2,503.9,560.2,1442.3,strike_005_p15ms.jpg
mount2,-12.0,12.0,0.6788,-2.768,6.094,0.2677,4,True,-1,,1,490.8,684.3,36.4,False,0.0,0.0,False,148.5,21.5,0.964,290.6,503.3,269.7,1410.2,strike_001_p15ms.jpg
mount2,-12.0,12.0,0.6788,-2.768,6.094,0.2677,4,True,-1,,2,461.3,681.0,39.1,False,0.0,0.0,False,240.8,34.9,0.992,290.6,509.0,,1422.1,strike_002_p15ms.jpg
mount2,-12.0,12.0,0.6788,-2.768,6.094,0.2677,4,True,-1,,3,486.6,700.2,37.4,False,0.0,0.0,False,176.0,25.5,0.989,290.6,506.8,559.6,1449.5,strike_003_p15ms.jpg
mount2,-12.0,16.0,0.8,-2.768,6.094,0.2677,4,True,-1,,1,255.8,322.0,42.3,False,0.0,0.0,False,277.2,40.1,0.972,291.1,509.1,268.6,169.9,strike_001_p15ms.jpg
mount2,-12.0,16.0,0.8,-2.768,6.094,0.2677,4,True,-1,,2,260.8,336.9,43.6,False,0.0,0.0,False,285.1,41.3,0.976,290.9,509.4,268.8,183.1,strike_002_p15ms.jpg
mount2,-12.0,16.0,0.8,-2.768,6.094,0.2677,4,True,-1,,3,327.7,475.8,37.8,False,0.0,0.0,False,292.9,42.4,0.99,291.0,510.5,582.3,705.7,strike_003_p15ms.jpg
mount2,-12.0,-0.0,0.48,5.439,2.519,0.2398,5,False,-1,,1,100.0,129.3,43.2,False,0.0,0.0,False,147.7,21.4,0.961,286.8,463.2,119.7,33.0,strike_001_p15ms.jpg
mount2,-12.0,-0.0,0.48,5.439,2.519,0.2398,5,False,-1,,2,98.0,126.9,49.5,False,0.0,0.0,False,150.4,21.8,0.944,286.8,119.7,463.0,32.2,strike_002_p15ms.jpg
mount2,-12.0,-0.0,0.48,5.439,2.519,0.2398,5,False,-1,,3,14.1,21.8,28.4,False,0.0,0.0,False,230.6,33.4,0.903,286.8,119.8,461.9,0.9,strike_003_p15ms.jpg
mount2,-12.0,-0.0,0.48,5.439,2.519,0.2398,5,True,-1,,4,14.1,24.5,30.9,False,0.0,0.0,False,612.6,88.7,0.95,286.8,120.2,,1.4,strike_004_p15ms.jpg
mount2,-12.0,-0.0,0.48,5.439,2.519,0.2398,5,True,-1,,5,14.4,25.2,33.1,False,0.0,0.0,False,659.1,95.4,0.937,287.0,120.1,600.9,1.4,strike_005_p15ms.jpg
mount2,-12.0,-0.0,0.48,5.439,2.519,0.2398,5,True,-1,,6,14.1,23.6,29.7,False,0.0,0.0,False,379.2,54.9,0.941,287.3,119.9,,1.1,strike_006_p15ms.jpg
mount2,-16.0,4.0,0.6597,5.439,2.519,0.2398,5,True,-1,,1,14.6,26.1,30.7,False,0.0,0.0,False,803.5,116.3,0.965,287.6,119.9,509.5,1.6,strike_001_p15ms.jpg
mount2,-16.0,4.0,0.6597,5.439,2.519,0.2398,5,True,-1,,2,14.1,25.4,30.9,False,0.0,0.0,False,469.0,67.9,0.98,287.8,119.6,510.5,1.5,strike_002_p15ms.jpg
mount2,-16.0,4.0,0.6597,5.439,2.519,0.2398,5,True,-1,,3,-14.8,29.4,30.3,False,0.0,0.0,False,991.2,143.5,0.857,287.5,120.0,507.3,1.8,strike_003_p15ms.jpg
mount2,-16.0,8.0,0.7155,-2.768,6.094,0.2677,4,True,-1,,1,130.5,211.8,38.2,False,0.0,0.0,False,243.2,35.2,0.998,290.5,509.1,121.7,123.2,strike_001_p15ms.jpg
mount2,-16.0,8.0,0.7155,-2.768,6.094,0.2677,4,True,-1,,2,132.3,200.4,37.6,False,0.0,0.0,False,153.1,22.2,0.956,290.5,507.2,268.5,107.8,strike_002_p15ms.jpg
mount2,-16.0,8.0,0.7155,-2.768,6.094,0.2677,4,True,-1,,3,126.9,210.9,38.2,False,0.0,0.0,False,238.6,34.5,0.998,290.6,509.0,119.4,119.9,strike_003_p15ms.jpg
mount2,-16.0,12.0,0.8,-2.768,6.094,0.2677,4,True,-1,,1,289.5,433.2,37.2,False,0.0,0.0,False,276.0,40.0,0.995,291.0,508.9,121.5,503.2,strike_001_p15ms.jpg
mount2,-16.0,12.0,0.8,-2.768,6.094,0.2677,4,True,-1,,2,272.1,378.9,41.3,False,0.0,0.0,False,328.5,47.6,0.919,291.1,509.2,267.2,346.2,strike_002_p15ms.jpg
mount2,-16.0,12.0,0.8,-2.768,6.094,0.2677,4,True,-1,,3,293.4,441.7,37.6,False,0.0,0.0,False,275.1,39.8,0.994,291.0,509.1,581.0,511.8,strike_003_p15ms.jpg
mount2,-16.0,16.0,0.9051,-2.768,6.094,0.2677,4,True,-1,,1,79.8,136.5,42.1,False,0.0,0.0,False,556.5,80.6,0.995,505.0,291.0,268.5,23.8,strike_001_p15ms.jpg
mount2,-16.0,16.0,0.9051,-2.768,6.094,0.2677,4,True,-1,,2,92.6,166.5,42.9,False,0.0,0.0,False,590.9,85.5,0.994,505.2,291.4,268.6,26.0,strike_002_p15ms.jpg
mount2,-16.0,16.0,0.9051,-2.768,6.094,0.2677,4,True,-1,,3,84.4,143.5,40.2,False,0.0,0.0,False,564.5,81.7,0.994,505.1,291.5,268.3,22.6,strike_003_p15ms.jpg
mount2,-16.0,-0.0,0.64,5.439,2.519,0.2398,5,False,-1,,1,42.8,52.8,40.3,False,0.0,0.0,False,779.8,112.9,0.891,120.5,289.9,465.9,3.0,strike_001_p15ms.jpg
mount2,-16.0,-0.0,0.64,5.439,2.519,0.2398,5,False,-1,,2,47.9,67.4,42.3,False,0.0,0.0,False,159.1,23.0,0.976,286.9,120.1,463.1,7.7,strike_002_p15ms.jpg
mount2,-16.0,-0.0,0.64,5.439,2.519,0.2398,5,True,-1,,3,66.2,86.9,42.1,False,0.0,0.0,False,184.1,26.7,0.975,287.0,120.0,463.0,13.3,strike_003_p15ms.jpg
mount2,-16.0,-0.0,0.64,5.439,2.519,0.2398,5,True,-1,,4,71.1,101.7,45.9,False,0.0,0.0,False,212.1,30.7,0.993,287.2,463.0,120.4,17.2,strike_004_p15ms.jpg
mount2,-16.0,-0.0,0.64,5.439,2.519,0.2398,5,True,-1,,5,64.1,89.6,44.0,False,0.0,0.0,False,204.8,29.6,0.989,287.5,120.4,461.9,13.5,strike_005_p15ms.jpg
mount2,-20.0,4.0,0.8158,5.439,2.519,0.2398,5,True,-1,,1,17.2,28.1,32.3,False,0.0,0.0,False,284.8,41.2,0.96,288.6,120.1,266.9,1.3,strike_001_p15ms.jpg
mount2,-20.0,4.0,0.8158,5.439,2.519,0.2398,5,True,-1,,2,14.9,26.3,30.6,False,0.0,0.0,False,241.0,34.9,0.954,288.2,120.1,266.8,1.2,strike_002_p15ms.jpg
mount2,-20.0,4.0,0.8158,5.439,2.519,0.2398,5,True,-1,,3,14.2,25.6,30.3,False,0.0,0.0,False,312.8,45.3,0.927,288.6,119.8,266.8,1.4,strike_003_p15ms.jpg
mount2,-20.0,8.0,0.8616,5.439,2.519,0.2398,5,True,-1,,1,13.0,26.0,30.8,False,0.0,0.0,False,273.8,39.6,0.932,288.5,120.1,266.5,1.3,strike_001_p15ms.jpg
mount2,-20.0,8.0,0.8616,5.439,2.519,0.2398,5,True,-1,,2,-13.2,26.3,31.7,False,0.0,0.0,False,631.9,91.5,0.981,288.5,120.4,267.1,1.3,strike_002_p15ms.jpg
mount2,-20.0,8.0,0.8616,5.439,2.519,0.2398,5,True,-1,,3,12.9,25.0,29.2,False,0.0,0.0,False,302.3,43.8,0.957,288.8,119.7,267.2,1.2,strike_003_p15ms.jpg
mount2,-20.0,-0.0,0.8,5.439,2.519,0.2398,5,False,-1,,1,29.9,42.2,39.4,False,0.0,0.0,False,336.7,48.7,0.94,286.5,119.9,461.6,3.2,strike_001_p15ms.jpg
mount2,-20.0,-0.0,0.8,5.439,2.519,0.2398,5,False,-1,,2,31.4,48.9,40.7,False,0.0,0.0,False,316.9,45.9,0.971,286.2,119.9,461.1,3.6,strike_002_p15ms.jpg
mount2,-20.0,-0.0,0.8,5.439,2.519,0.2398,5,False,-1,,3,32.5,44.7,38.9,False,0.0,0.0,False,795.7,115.2,0.859,464.8,120.1,290.9,1.5,strike_003_p15ms.jpg
mount2,-20.0,-0.0,0.8,5.439,2.519,0.2398,5,True,-1,,4,35.1,45.9,38.1,False,0.0,0.0,False,763.2,110.5,0.813,120.2,466.3,269.4,1.7,strike_004_p15ms.jpg
mount2,-20.0,-0.0,0.8,5.439,2.519,0.2398,5,True,-1,,5,38.1,49.9,40.0,False,0.0,0.0,False,915.8,132.6,0.828,120.0,290.2,464.8,1.6,strike_005_p15ms.jpg
mount2,-20.0,-0.0,0.8,5.439,2.519,0.2398,5,True,-1,,6,32.7,41.5,37.9,False,0.0,0.0,False,743.4,107.6,0.91,120.6,290.3,466.1,1.4,strike_006_p15ms.jpg
mount3,0.0,0.0,0.0,0.401,0.0,0.016,1,True,-1,,1,-2510.7,4521.5,28.4,True,16.75,15.62,False,361.5,52.3,0.987,288.7,752.8,,102306.8,strike_001_p15ms.jpg
mount3,0.0,0.0,0.0,0.401,0.0,0.016,1,True,-1,,2,-2510.8,4848.9,29.6,True,14.5,14.5,False,152.3,22.1,0.927,288.9,,,99355.6,strike_002_p15ms.jpg
mount3,0.0,0.0,0.0,0.401,0.0,0.016,1,True,-1,,3,-2515.4,4563.3,29.2,True,14.62,14.62,False,395.0,57.2,0.944,288.8,,,96779.3,strike_003_p15ms.jpg
mount3,0.0,-4.0,0.16,0.401,0.0,0.016,1,False,-1,,1,2481.5,4945.1,40.6,True,7.88,3.62,False,569.2,82.4,0.924,506.2,289.5,,76503.8,strike_001_p15ms.jpg
mount3,0.0,-4.0,0.16,0.401,0.0,0.016,1,True,-1,,2,2477.0,4945.1,34.0,True,6.38,3.5,False,217.1,31.4,0.895,506.8,288.6,,47961.7,strike_002_p15ms.jpg
mount3,0.0,-4.0,0.16,0.401,0.0,0.016,1,False,-1,,3,2482.8,4945.1,33.5,True,12.38,3.88,False,463.3,67.1,0.983,507.1,289.2,,112710.6,strike_003_p15ms.jpg
mount3,0.0,-4.0,0.16,0.401,0.0,0.016,1,True,-1,,4,-2480.3,4945.1,38.2,True,16.12,16.12,False,281.5,40.8,0.92,288.9,578.6,,107431.2,strike_004_p15ms.jpg
mount3,0.0,-4.0,0.16,0.401,0.0,0.016,1,True,-1,,5,-2478.5,4945.1,34.4,True,17.25,16.0,False,208.0,30.1,0.927,288.8,,,110479.6,strike_005_p15ms.jpg
mount3,0.0,-8.0,0.32,-2.768,6.094,0.2677,4,True,-1,,1,2491.1,3848.2,32.1,True,10.12,4.88,False,392.0,56.7,0.948,288.7,508.9,,80581.9,strike_001_p15ms.jpg
mount3,0.0,-8.0,0.32,-2.768,6.094,0.2677,4,True,-1,,2,2490.4,3806.1,33.3,True,9.75,2.38,False,143.1,20.7,0.825,288.6,510.1,877.6,77168.7,strike_002_p15ms.jpg
mount3,0.0,-8.0,0.32,-2.768,6.094,0.2677,4,True,-1,,3,2489.5,4050.5,35.1,True,9.38,2.38,False,147.5,21.3,0.927,506.0,288.8,560.9,73376.2,strike_003_p15ms.jpg
mount3,0.0,-12.0,0.48,-2.768,6.094,0.2677,4,True,-1,,1,1513.7,2405.9,37.5,False,0.0,0.0,False,194.5,28.1,0.981,288.9,509.3,804.4,14507.1,strike_001_p15ms.jpg
mount3,0.0,-12.0,0.48,-2.768,6.094,0.2677,4,True,-1,,2,1432.3,2286.9,37.7,False,0.0,0.0,False,192.0,27.8,0.985,289.0,509.0,,13624.6,strike_002_p15ms.jpg
mount3,0.0,-12.0,0.48,-2.768,6.094,0.2677,4,True,-1,,3,1560.5,2398.9,39.5,False,0.0,0.0,False,239.9,34.7,0.995,288.8,508.8,559.2,14469.6,strike_003_p15ms.jpg
mount3,0.0,-16.0,0.64,-2.768,6.094,0.2677,4,True,-1,,1,437.4,613.5,40.8,False,0.0,0.0,False,277.7,40.2,0.971,509.3,289.5,,824.9,strike_001_p15ms.jpg
mount3,0.0,-16.0,0.64,-2.768,6.094,0.2677,4,True,-1,,2,432.9,597.1,38.4,False,0.0,0.0,False,172.4,25.0,0.979,289.6,509.2,,832.7,strike_002_p15ms.jpg
mount3,0.0,-16.0,0.64,-2.768,6.094,0.2677,4,True,-1,,3,435.7,606.2,38.4,False,0.0,0.0,False,151.8,22.0,0.96,509.4,289.3,755.9,811.2,strike_003_p15ms.jpg
mount3,0.0,-20.0,0.8,-2.768,6.094,0.2677,4,True,-1,,1,227.9,302.2,39.4,False,0.0,0.0,False,288.2,41.7,0.975,289.7,509.6,121.8,206.4,strike_001_p15ms.jpg
mount3,0.0,-20.0,0.8,-2.768,6.094,0.2677,4,True,-1,,2,227.3,303.4,40.3,False,0.0,0.0,False,289.7,41.9,0.982,289.7,509.5,,203.1,strike_002_p15ms.jpg
mount3,0.0,-20.0,0.8,-2.768,6.094,0.2677,4,True,-1,,3,216.5,322.7,37.5,False,0.0,0.0,False,209.8,30.4,0.987,289.6,509.0,,218.8,strike_003_p15ms.jpg
mount3,-4.0,0.0,0.16,0.401,0.0,0.016,1,True,-1,,1,2478.2,4944.8,37.1,True,14.5,12.88,False,222.2,32.2,0.966,289.0,574.7,,107928.8,strike_001_p15ms.jpg
mount3,-4.0,0.0,0.16,0.401,0.0,0.016,1,True,-1,,2,2473.3,4944.5,36.2,True,15.5,15.5,False,236.1,34.2,0.965,288.8,,,109395.6,strike_002_p15ms.jpg
mount3,-4.0,0.0,0.16,0.401,0.0,0.016,1,True,-1,,3,-2474.8,4944.8,40.5,True,15.5,15.5,False,236.0,34.2,0.95,289.0,262.3,,115975.6,strike_003_p15ms.jpg
mount3,-4.0,-4.0,0.2263,5.439,2.844,0.2455,5,True,-1,,1,2490.5,3876.6,31.4,True,11.0,11.0,False,417.1,60.4,0.816,288.7,,,79742.4,strike_001_p15ms.jpg
mount3,-4.0,-4.0,0.2263,5.439,2.844,0.2455,5,True,-1,,2,2489.2,3886.3,31.7,True,11.25,11.25,False,425.3,61.6,0.818,288.9,261.7,,80999.1,strike_002_p15ms.jpg
mount3,-4.0,-4.0,0.2263,5.439,2.844,0.2455,5,True,-1,,3,2487.9,3933.3,33.4,True,11.75,11.75,False,369.3,53.5,0.826,288.7,263.3,507.6,87642.9,strike_003_p15ms.jpg
mount3,-4.0,-8.0,0.3578,5.439,2.844,0.2455,5,True,-1,,1,2095.6,3241.6,32.5,False,0.0,0.0,False,428.9,62.1,0.904,288.8,509.5,465.5,29045.7,strike_001_p15ms.jpg
mount3,-4.0,-8.0,0.3578,5.439,2.844,0.2455,5,True,-1,,2,1973.2,3095.6,35.8,False,0.0,0.0,False,418.7,60.6,0.97,289.0,510.9,500.6,32306.4,strike_002_p15ms.jpg
mount3,-4.0,-8.0,0.3578,5.439,2.844,0.2455,5,True,-1,,3,2023.0,3134.8,38.5,False,0.0,0.0,False,403.8,58.4,0.896,288.9,509.7,,29761.6,strike_003_p15ms.jpg
mount3,-4.0,-12.0,0.506,-2.768,6.094,0.2677,4,True,-1,,1,2488.6,3814.6,33.5,True,11.25,7.12,False,147.8,21.4,0.919,288.9,506.5,,76592.2,strike_001_p15ms.jpg
mount3,-4.0,-12.0,0.506,-2.768,6.094,0.2677,4,True,-1,,2,2488.1,3870.2,34.7,True,11.25,8.38,False,152.2,22.0,0.936,288.8,506.0,560.5,80064.1,strike_002_p15ms.jpg
mount3,-4.0,-12.0,0.506,-2.768,6.094,0.2677,4,True,-1,,3,2488.9,3861.6,35.1,True,11.38,7.12,False,146.5,21.2,0.931,289.1,505.9,,78247.0,strike_003_p15ms.jpg
mount3,-4.0,-16.0,0.6597,-2.768,6.094,0.2677,4,True,-1,,1,782.8,1177.4,38.1,False,0.0,0.0,False,284.0,41.1,0.972,289.2,501.6,558.9,4363.9,strike_001_p15ms.jpg
mount3,-4.0,-16.0,0.6597,-2.768,6.094,0.2677,4,True,-1,,2,804.4,1201.0,36.5,False,0.0,0.0,False,267.1,38.7,0.977,289.4,509.6,560.2,4353.2,strike_002_p15ms.jpg
mount3,-4.0,-16.0,0.6597,-2.768,6.094,0.2677,4,True,-1,,3,806.2,1238.1,38.5,False,0.0,0.0,False,251.4,36.4,0.982,289.2,509.4,559.2,4388.8,strike_003_p15ms.jpg
mount3,-4.0,-20.0,0.8158,-2.768,6.094,0.2677,4,True,-1,,1,270.2,408.1,39.1,False,0.0,0.0,False,264.4,38.3,0.998,289.7,510.9,501.5,380.6,strike_001_p15ms.jpg
mount3,-4.0,-20.0,0.8158,-2.768,6.094,0.2677,4,True,-1,,2,274.4,412.1,43.9,False,0.0,0.0,False,274.4,39.7,0.996,289.7,512.6,,384.5,strike_002_p15ms.jpg
mount3,-4.0,-20.0,0.8158,-2.768,6.094,0.2677,4,True,-1,,3,277.3,412.7,37.2,False,0.0,0.0,False,256.2,37.1,0.997,289.7,508.8,753.0,370.9,strike_003_p15ms.jpg
mount3,-8.0,0.0,0.32,5.439,2.844,0.2455,5,True,-1,,1,2491.1,3868.3,33.8,True,7.5,5.88,False,374.0,54.1,0.874,289.0,508.1,264.2,77949.7,strike_001_p15ms.jpg
mount3,-8.0,0.0,0.32,5.439,2.844,0.2455,5,True,-1,,2,2487.3,3844.5,32.5,True,7.62,6.0,False,432.5,62.6,0.859,289.1,509.0,,77882.4,strike_002_p15ms.jpg
mount3,-8.0,0.0,0.32,5.439,2.844,0.2455,5,True,-1,,3,2482.9,3950.4,32.4,True,8.62,8.62,False,366.0,53.0,0.895,289.0,507.7,,80572.0,strike_003_p15ms.jpg
mount3,-8.0,-4.0,0.3578,5.439,2.844,0.2455,5,True,-1,,1,618.0,1039.0,38.3,False,0.0,0.0,False,429.1,62.1,0.986,288.9,579.0,470.1,3723.9,strike_001_p15ms.jpg
mount3,-8.0,-4.0,0.3578,5.439,2.844,0.2455,5,True,-1,,2,625.5,1014.7,34.4,False,0.0,0.0,False,425.2,61.6,0.871,288.9,465.3,,3309.6,strike_002_p15ms.jpg
mount3,-8.0,-4.0,0.3578,5.439,2.844,0.2455,5,True,-1,,3,575.9,945.0,40.0,False,0.0,0.0,False,508.1,73.5,0.989,288.9,510.3,579.3,3221.1,strike_003_p15ms.jpg
mount3,-8.0,-8.0,0.4525,5.439,2.844,0.2455,5,False,-1,,1,90.1,128.0,38.6,False,0.0,0.0,False,146.4,21.2,0.964,288.8,466.4,120.8,56.8,strike_001_p15ms.jpg
mount3,-8.0,-8.0,0.4525,5.439,2.844,0.2455,5,True,-1,,2,198.2,317.3,33.9,False,0.0,0.0,False,578.7,83.8,0.988,289.0,507.2,577.4,268.0,strike_002_p15ms.jpg
mount3,-8.0,-8.0,0.4525,5.439,2.844,0.2455,5,True,-1,,3,205.4,348.5,38.9,False,0.0,0.0,False,471.6,68.3,0.987,289.0,578.0,514.2,359.0,strike_003_p15ms.jpg
mount3,-8.0,-8.0,0.4525,5.439,2.844,0.2455,5,True,-1,,4,196.0,333.4,36.2,False,0.0,0.0,False,478.2,69.2,0.99,289.0,578.8,501.5,337.7,strike_004_p15ms.jpg
mount3,-8.0,-12.0,0.5769,5.439,2.844,0.2455,5,True,-1,,1,71.0,101.0,38.8,False,0.0,0.0,False,140.9,20.4,0.955,289.0,464.7,120.4,30.7,strike_001_p15ms.jpg
mount3,-8.0,-12.0,0.5769,5.439,2.844,0.2455,5,True,-1,,2,70.5,101.0,39.2,False,0.0,0.0,False,141.0,20.4,0.959,466.8,288.3,121.4,30.5,strike_002_p15ms.jpg
mount3,-8.0,-12.0,0.5769,5.439,2.844,0.2455,5,True,-1,,3,69.9,102.3,40.2,False,0.0,0.0,False,140.3,20.3,0.963,289.0,466.1,120.2,30.3,strike_003_p15ms.jpg
mount3,-8.0,-16.0,0.7155,5.439,2.844,0.2455,5,True,-1,,1,51.5,75.1,35.7,False,0.0,0.0,False,147.1,21.3,0.974,289.5,465.5,120.1,15.2,strike_001_p15ms.jpg
mount3,-8.0,-16.0,0.7155,5.439,2.844,0.2455,5,True,-1,,2,53.1,76.9,36.1,False,0.0,0.0,False,137.4,19.9,0.968,289.2,465.0,119.1,15.5,strike_002_p15ms.jpg
mount3,-8.0,-16.0,0.7155,5.439,2.844,0.2455,5,True,-1,,3,50.9,77.0,40.9,False,0.0,0.0,False,191.6,27.7,0.99,289.4,119.3,464.4,13.9,strike_003_p15ms.jpg
mount3,-8.0,-20.0,0.8616,-2.768,6.094,0.2677,4,True,-1,,1,178.1,263.0,41.6,False,0.0,0.0,False,448.7,65.0,0.976,290.1,508.7,,100.6,strike_001_p15ms.jpg
mount3,-8.0,-20.0,0.8616,-2.768,6.094,0.2677,4,True,-1,,2,251.3,386.9,36.8,False,0.0,0.0,False,261.8,37.9,0.996,289.9,509.0,,359.8,strike_002_p15ms.jpg
mount3,-8.0,-20.0,0.8616,-2.768,6.094,0.2677,4,True,-1,,3,178.8,247.7,40.0,False,0.0,0.0,False,334.2,48.4,0.985,289.8,508.8,795.8,96.0,strike_003_p15ms.jpg
mount3,-12.0,0.0,0.48,5.439,2.844,0.2455,5,True,-1,,1,436.5,728.9,36.0,False,0.0,0.0,False,338.4,49.0,0.889,289.2,509.5,580.6,1737.4,strike_001_p15ms.jpg
mount3,-12.0,0.0,0.48,5.439,2.844,0.2455,5,True,-1,,2,539.3,819.0,37.0,False,0.0,0.0,False,360.9,52.2,0.929,289.3,511.7,663.1,1740.8,strike_002_p15ms.jpg
mount3,-12.0,0.0,0.48,5.439,2.844,0.2455,5,True,-1,,3,556.9,776.8,41.4,False,0.0,0.0,False,503.0,72.8,0.986,289.2,509.8,146.5,1496.7,strike_003_p15ms.jpg
mount3,-12.0,-4.0,0.506,5.439,2.844,0.2455,5,True,-1,,1,144.1,218.1,35.0,False,0.0,0.0,False,383.9,55.6,0.919,289.1,464.9,,90.8,strike_001_p15ms.jpg
mount3,-12.0,-4.0,0.506,5.439,2.844,0.2455,5,True,-1,,2,145.4,232.3,32.2,False,0.0,0.0,False,373.9,54.1,0.884,289.2,464.3,,117.6,strike_002_p15ms.jpg
mount3,-12.0,-4.0,0.506,5.439,2.844,0.2455,5,True,-1,,3,137.1,211.8,37.0,False,0.0,0.0,False,575.6,83.3,0.987,289.1,,,91.7,strike_003_p15ms.jpg
mount3,-12.0,-8.0,0.5769,5.439,2.844,0.2455,5,True,-1,,1,60.7,92.6,37.1,False,0.0,0.0,False,146.4,21.2,0.958,289.0,465.3,119.4,26.2,strike_001_p15ms.jpg
mount3,-12.0,-8.0,0.5769,5.439,2.844,0.2455,5,True,-1,,2,62.0,95.1,38.8,False,0.0,0.0,False,157.9,22.9,0.974,289.4,464.5,120.2,25.2,strike_002_p15ms.jpg
mount3,-12.0,-8.0,0.5769,5.439,2.844,0.2455,5,True,-1,,3,62.4,92.9,39.5,False,0.0,0.0,False,144.5,20.9,0.955,466.3,288.5,120.6,26.4,strike_003_p15ms.jpg
mount3,-12.0,-12.0,0.6788,5.439,2.844,0.2455,5,True,-1,,1,52.0,79.0,37.6,False,0.0,0.0,False,159.3,23.1,0.978,289.2,466.5,120.4,17.8,strike_001_p15ms.jpg
mount3,-12.0,-12.0,0.6788,5.439,2.844,0.2455,5,True,-1,,2,52.3,78.4,37.9,False,0.0,0.0,False,151.8,22.0,0.97,289.0,466.5,120.2,18.0,strike_002_p15ms.jpg
mount3,-12.0,-12.0,0.6788,5.439,2.844,0.2455,5,True,-1,,3,50.8,76.5,35.7,False,0.0,0.0,False,143.0,20.7,0.971,289.4,465.8,119.4,17.9,strike_003_p15ms.jpg
mount3,-12.0,-16.0,0.8,5.439,2.844,0.2455,5,True,-1,,1,42.2,62.9,36.4,False,0.0,0.0,False,155.4,22.5,0.971,289.4,464.9,119.8,10.8,strike_001_p15ms.jpg
mount3,-12.0,-16.0,0.8,5.439,2.844,0.2455,5,True,-1,,2,44.7,65.7,36.1,False,0.0,0.0,False,172.2,24.9,0.985,289.7,119.8,362.2,10.7,strike_002_p15ms.jpg
mount3,-12.0,-16.0,0.8,5.439,2.844,0.2455,5,True,-1,,3,43.5,65.5,37.5,False,0.0,0.0,False,187.4,27.1,0.993,289.7,120.7,465.9,10.5,strike_003_p15ms.jpg
mount3,-16.0,0.0,0.64,5.439,2.844,0.2455,5,True,-1,,1,184.3,286.4,38.8,False,0.0,0.0,False,498.2,72.1,0.974,289.7,585.8,,189.0,strike_001_p15ms.jpg
mount3,-16.0,0.0,0.64,5.439,2.844,0.2455,5,True,-1,,2,134.9,246.8,38.5,False,0.0,0.0,False,443.2,64.2,0.979,289.7,506.6,263.3,171.9,strike_002_p15ms.jpg
mount3,-16.0,0.0,0.64,5.439,2.844,0.2455,5,True,-1,,3,123.9,230.3,35.7,False,0.0,0.0,False,488.8,70.8,0.994,289.7,507.0,773.0,155.7,strike_003_p15ms.jpg
mount3,-16.0,-4.0,0.6597,5.439,2.844,0.2455,5,True,-1,,1,90.3,156.2,37.5,False,0.0,0.0,False,480.8,69.6,0.99,289.6,507.4,120.9,71.4,strike_001_p15ms.jpg
mount3,-16.0,-4.0,0.6597,5.439,2.844,0.2455,5,True,-1,,2,64.9,116.3,36.8,False,0.0,0.0,False,472.0,68.3,0.994,289.5,262.6,119.3,38.4,strike_002_p15ms.jpg
mount3,-16.0,-4.0,0.6597,5.439,2.844,0.2455,5,True,-1,,3,87.2,152.0,37.2,False,0.0,0.0,False,534.0,77.3,0.997,289.5,505.8,119.2,65.8,strike_003_p15ms.jpg
mount3,-16.0,-8.0,0.7155,5.439,2.844,0.2455,5,True,-1,,1,47.7,69.3,39.4,False,0.0,0.0,False,170.3,24.7,0.983,289.4,467.9,119.9,14.4,strike_001_p15ms.jpg
mount3,-16.0,-8.0,0.7155,5.439,2.844,0.2455,5,True,-1,,2,53.1,73.4,38.4,False,0.0,0.0,False,144.9,21.0,0.95,464.8,289.7,121.3,15.9,strike_002_p15ms.jpg
mount3,-16.0,-8.0,0.7155,5.439,2.844,0.2455,5,True,-1,,3,45.1,70.6,37.6,False,0.0,0.0,False,168.7,24.4,0.985,289.5,466.5,120.5,14.2,strike_003_p15ms.jpg
mount3,-16.0,-12.0,0.8,5.439,2.844,0.2455,5,True,-1,,1,38.2,59.1,36.5,False,0.0,0.0,False,195.9,28.4,0.994,289.7,119.7,465.7,10.6,strike_001_p15ms.jpg
mount3,-16.0,-12.0,0.8,5.439,2.844,0.2455,5,True,-1,,2,41.3,63.4,37.2,False,0.0,0.0,False,169.1,24.5,0.986,289.8,120.2,465.5,11.3,strike_002_p15ms.jpg
mount3,-16.0,-12.0,0.8,5.439,2.844,0.2455,5,True,-1,,3,40.4,60.5,37.0,False,0.0,0.0,False,184.0,26.6,0.988,289.7,119.4,466.7,10.3,strike_003_p15ms.jpg
mount3,-16.0,-16.0,0.9051,5.439,2.844,0.2455,5,True,-1,,1,32.5,44.8,38.6,False,0.0,0.0,False,180.0,26.1,0.995,290.2,119.8,464.7,1.9,strike_001_p15ms.jpg
mount3,-16.0,-16.0,0.9051,5.439,2.844,0.2455,5,True,-1,,2,34.9,50.3,40.2,False,0.0,0.0,False,205.3,29.7,0.994,290.1,464.8,120.2,2.6,strike_002_p15ms.jpg
mount3,-16.0,-16.0,0.9051,5.439,2.844,0.2455,5,True,-1,,3,33.1,45.4,40.2,False,0.0,0.0,False,189.9,27.5,0.994,289.9,465.7,120.2,2.0,strike_003_p15ms.jpg
mount3,-20.0,0.0,0.8,5.439,2.844,0.2455,5,True,-1,,1,53.5,103.8,34.8,False,0.0,0.0,False,337.9,48.9,0.96,290.4,264.1,507.7,20.7,strike_001_p15ms.jpg
mount3,-20.0,0.0,0.8,5.439,2.844,0.2455,5,True,-1,,2,56.2,105.9,35.5,False,0.0,0.0,False,339.5,49.2,0.963,290.3,264.6,506.8,19.3,strike_002_p15ms.jpg
mount3,-20.0,0.0,0.8,5.439,2.844,0.2455,5,True,-1,,3,55.7,102.5,35.6,False,0.0,0.0,False,316.1,45.8,0.965,290.4,264.5,508.6,19.6,strike_003_p15ms.jpg
mount3,-20.0,-4.0,0.8158,5.439,2.844,0.2455,5,True,-1,,1,-42.1,78.4,33.1,False,0.0,0.0,False,823.3,119.2,0.968,290.2,264.4,508.0,12.4,strike_001_p15ms.jpg
mount3,-20.0,-4.0,0.8158,5.439,2.844,0.2455,5,True,-1,,2,-43.8,83.6,33.2,False,0.0,0.0,False,975.3,141.2,0.945,290.5,263.9,508.8,17.6,strike_002_p15ms.jpg
mount3,-20.0,-4.0,0.8158,5.439,2.844,0.2455,5,True,-1,,3,96.8,157.7,40.4,False,0.0,0.0,False,426.3,61.7,0.995,290.2,505.3,578.1,62.1,strike_003_p15ms.jpg
mount3,-20.0,-8.0,0.8616,5.439,2.844,0.2455,5,True,-1,,1,33.1,45.5,40.8,False,0.0,0.0,False,207.9,30.1,0.993,290.5,120.0,264.0,2.1,strike_001_p15ms.jpg
mount3,-20.0,-8.0,0.8616,5.439,2.844,0.2455,5,True,-1,,2,28.8,39.0,39.2,False,0.0,0.0,False,192.8,27.9,0.995,290.4,120.1,264.0,1.7,strike_002_p15ms.jpg
mount3,-20.0,-8.0,0.8616,5.439,2.844,0.2455,5,True,-1,,3,34.4,47.0,39.5,False,0.0,0.0,False,193.8,28.1,0.993,290.6,120.1,264.1,2.5,strike_003_p15ms.jpg
mount4,4.0,0.0,0.16,0.645,0.162,0.0266,1,True,-1,,1,-2488.3,4944.5,31.9,True,14.88,14.88,False,132.1,19.1,0.902,288.0,507.2,,104369.7,strike_001_p15ms.jpg
mount4,4.0,0.0,0.16,0.645,0.162,0.0266,1,True,-1,,2,-2488.6,4944.1,31.7,True,14.0,14.0,False,595.4,86.2,0.949,287.9,464.3,,96064.1,strike_002_p15ms.jpg
mount4,4.0,0.0,0.16,0.645,0.162,0.0266,1,True,-1,,3,-2484.9,4944.1,32.2,True,13.62,13.62,False,167.0,24.2,0.921,288.0,467.6,832.7,98804.4,strike_003_p15ms.jpg
mount4,4.0,-4.0,0.2263,-2.605,5.769,0.2532,4,True,-1,,1,2377.3,4604.8,34.8,False,0.0,0.0,False,235.5,34.1,0.996,287.6,512.1,,52574.2,strike_001_p15ms.jpg
mount4,4.0,-4.0,0.2263,-2.605,5.769,0.2532,4,True,-1,,2,2371.4,4517.6,36.1,False,0.0,0.0,False,249.6,36.1,0.994,287.6,512.1,,53944.4,strike_002_p15ms.jpg
mount4,4.0,-4.0,0.2263,-2.605,5.769,0.2532,4,True,-1,,3,2374.6,4570.2,36.2,False,0.0,0.0,False,238.1,34.5,0.996,287.6,512.8,,53819.8,strike_003_p15ms.jpg
mount4,4.0,-8.0,0.3578,-2.605,5.769,0.2532,4,True,-1,,1,2478.8,4494.6,36.0,True,7.75,2.0,False,211.1,30.6,0.971,287.7,508.1,581.3,63326.6,strike_001_p15ms.jpg
mount4,4.0,-8.0,0.3578,-2.605,5.769,0.2532,4,True,-1,,2,2481.8,4588.9,35.2,True,6.5,1.88,False,220.9,32.0,0.979,287.7,508.0,268.5,63494.7,strike_002_p15ms.jpg
mount4,4.0,-8.0,0.3578,-2.605,5.769,0.2532,4,True,-1,,3,2481.2,4557.8,35.9,True,6.5,1.88,False,217.7,31.5,0.978,287.6,508.4,,61126.0,strike_003_p15ms.jpg
mount4,4.0,-12.0,0.506,-2.605,5.769,0.2532,4,True,-1,,1,2481.2,4428.4,45.7,True,3.88,1.62,False,410.4,59.4,0.962,288.1,509.0,,51884.1,strike_001_p15ms.jpg
mount4,4.0,-12.0,0.506,-2.605,5.769,0.2532,4,True,-1,,2,2483.7,4372.2,40.3,True,3.62,1.5,False,275.0,39.8,0.999,288.1,507.8,,47452.5,strike_002_p15ms.jpg
mount4,4.0,-12.0,0.506,-2.605,5.769,0.2532,4,True,-1,,3,2428.4,4100.3,43.6,False,0.0,0.0,False,380.4,55.1,0.959,288.2,510.9,626.0,38248.2,strike_003_p15ms.jpg
mount4,4.0,-16.0,0.6597,-2.605,5.769,0.2532,4,True,-1,,1,-1921.5,3757.7,44.5,False,0.0,0.0,False,439.3,63.6,0.958,288.5,510.7,772.2,20402.7,strike_001_p15ms.jpg
mount4,4.0,-16.0,0.6597,-2.605,5.769,0.2532,4,True,-1,,2,-1966.5,3785.9,44.4,False,0.0,0.0,False,771.7,111.7,0.918,288.2,510.7,,11983.4,strike_002_p15ms.jpg
mount4,4.0,-16.0,0.6597,-2.605,5.769,0.2532,4,True,-1,,3,-1979.7,3828.7,41.0,False,0.0,0.0,False,567.5,82.2,0.942,288.4,510.9,762.1,14590.6,strike_003_p15ms.jpg
mount4,4.0,-20.0,0.8158,-2.605,5.769,0.2532,4,True,-1,,1,1762.5,3380.3,42.5,False,0.0,0.0,False,335.1,48.5,0.99,289.2,514.0,557.4,30099.0,strike_001_p15ms.jpg
mount4,4.0,-20.0,0.8158,-2.605,5.769,0.2532,4,True,-1,,2,-1708.2,3264.9,44.9,False,0.0,0.0,False,343.9,49.8,0.986,289.2,510.6,559.6,29944.4,strike_002_p15ms.jpg
mount4,4.0,-20.0,0.8158,-2.605,5.769,0.2532,4,True,-1,,3,-1752.9,3237.4,43.6,False,0.0,0.0,False,379.2,54.9,0.976,289.1,508.3,558.1,22166.5,strike_003_p15ms.jpg
mount4,8.0,0.0,0.32,5.926,1.95,0.2495,5,True,-1,,1,2476.0,4944.5,37.1,True,14.12,13.25,False,365.4,52.9,0.978,287.9,468.0,576.2,99374.5,strike_001_p15ms.jpg
mount4,8.0,0.0,0.32,5.926,1.95,0.2495,5,True,-1,,2,2476.7,4944.5,38.0,True,14.5,10.62,False,395.0,57.2,0.97,287.8,468.5,574.4,97473.4,strike_002_p15ms.jpg
mount4,8.0,0.0,0.32,5.926,1.95,0.2495,5,True,-1,,3,2487.6,4944.1,41.3,True,4.38,2.0,False,715.5,103.6,0.892,288.6,465.7,,48647.8,strike_003_p15ms.jpg
mount4,8.0,-4.0,0.3578,-2.605,5.769,0.2532,4,True,-1,,1,2485.2,4510.5,39.3,True,4.62,1.88,False,230.3,33.3,0.991,287.8,508.0,866.3,56951.5,strike_001_p15ms.jpg
mount4,8.0,-4.0,0.3578,-2.605,5.769,0.2532,4,True,-1,,2,2479.7,4611.8,36.9,True,4.88,2.0,False,220.5,31.9,0.986,287.8,468.2,,58070.7,strike_002_p15ms.jpg
mount4,8.0,-4.0,0.3578,-2.605,5.769,0.2532,4,True,-1,,3,2479.6,4478.7,41.4,True,4.88,2.0,False,497.3,72.0,0.95,287.8,508.6,467.2,59138.5,strike_003_p15ms.jpg
mount4,8.0,-8.0,0.4525,-2.605,5.769,0.2532,4,True,-1,,1,2478.8,4338.9,41.8,True,3.25,1.25,False,447.8,64.8,0.961,287.9,509.3,,48283.6,strike_001_p15ms.jpg
mount4,8.0,-8.0,0.4525,-2.605,5.769,0.2532,4,True,-1,,2,2478.8,4354.8,43.8,True,4.0,1.5,False,423.0,61.2,0.959,287.8,509.6,469.6,53441.3,strike_002_p15ms.jpg
mount4,8.0,-8.0,0.4525,-2.605,5.769,0.2532,4,True,-1,,3,2481.2,4152.5,42.5,True,3.88,1.38,False,428.9,62.1,0.958,287.8,506.6,,44409.7,strike_003_p15ms.jpg
mount4,8.0,-12.0,0.5769,-2.605,5.769,0.2532,4,True,-1,,1,2400.8,4409.6,46.7,False,0.0,0.0,False,713.4,103.3,0.905,288.4,510.7,,17948.7,strike_001_p15ms.jpg
mount4,8.0,-12.0,0.5769,-2.605,5.769,0.2532,4,True,-1,,2,1671.6,3334.0,43.6,False,0.0,0.0,False,447.2,64.7,0.957,288.3,504.2,963.0,28327.6,strike_002_p15ms.jpg
mount4,8.0,-12.0,0.5769,-2.605,5.769,0.2532,4,True,-1,,3,2147.7,4187.4,43.0,False,0.0,0.0,False,438.1,63.4,0.963,288.3,510.3,,26298.3,strike_003_p15ms.jpg
mount4,8.0,-16.0,0.7155,-2.605,5.769,0.2532,4,True,-1,,1,-2473.2,4590.8,46.8,False,0.0,0.0,False,428.6,62.0,0.967,288.6,510.7,,21487.8,strike_001_p15ms.jpg
mount4,8.0,-16.0,0.7155,-2.605,5.769,0.2532,4,True,-1,,2,-2467.3,4420.5,45.8,False,0.0,0.0,False,408.3,59.1,0.965,288.6,510.1,,21917.8,strike_002_p15ms.jpg
mount4,8.0,-16.0,0.7155,-2.605,5.769,0.2532,4,True,-1,,3,-2450.4,4369.3,45.3,False,0.0,0.0,False,484.1,70.1,0.946,288.7,510.7,558.4,15796.5,strike_003_p15ms.jpg
mount4,8.0,-20.0,0.8616,-3.418,5.362,0.2544,4,False,-1,,1,21.6,29.7,35.9,False,0.0,0.0,False,916.1,132.6,0.91,120.3,290.0,509.5,1.3,strike_001_p15ms.jpg
mount4,8.0,-20.0,0.8616,-2.605,5.769,0.2532,4,True,-1,,2,1899.0,3656.2,44.3,False,0.0,0.0,False,375.7,54.4,0.983,289.3,510.9,808.2,29982.5,strike_002_p15ms.jpg
mount4,8.0,-20.0,0.8616,-2.605,5.769,0.2532,4,True,-1,,3,1851.4,3589.2,44.7,False,0.0,0.0,False,397.7,57.6,0.985,289.4,513.8,,26978.3,strike_003_p15ms.jpg
mount4,8.0,-20.0,0.8616,-2.605,5.769,0.2532,4,True,-1,,4,-1814.6,3583.9,42.9,False,0.0,0.0,False,359.2,52.0,0.986,289.4,512.2,832.5,27703.8,strike_004_p15ms.jpg
mount4,12.0,0.0,0.48,5.926,1.95,0.2495,5,True,-1,,1,2483.1,3765.8,35.8,True,4.5,1.88,False,193.3,28.0,0.988,288.1,468.6,707.1,50182.7,strike_001_p15ms.jpg
mount4,12.0,0.0,0.48,5.926,1.95,0.2495,5,True,-1,,2,2482.9,3678.5,41.0,True,4.38,1.75,False,320.6,46.4,0.991,288.3,316.8,,49108.9,strike_002_p15ms.jpg
mount4,12.0,0.0,0.48,5.926,1.95,0.2495,5,True,-1,,3,2484.3,3762.4,34.8,True,4.62,2.0,False,182.5,26.4,0.985,288.3,578.4,466.7,50938.3,strike_003_p15ms.jpg
mount4,12.0,-4.0,0.506,5.926,1.95,0.2495,5,True,-1,,1,2490.4,4179.0,34.0,True,5.12,1.88,False,200.2,29.0,0.983,288.3,468.3,578.4,64350.0,strike_001_p15ms.jpg
mount4,12.0,-4.0,0.506,5.926,1.95,0.2495,5,True,-1,,2,2485.2,4202.5,33.1,True,5.12,1.88,False,211.3,30.6,0.989,288.2,576.6,502.6,69576.8,strike_002_p15ms.jpg
mount4,12.0,-4.0,0.506,5.926,1.95,0.2495,5,True,-1,,3,2486.4,4302.9,32.9,True,6.38,1.88,False,190.6,27.6,0.977,288.3,575.1,,73761.8,strike_003_p15ms.jpg
mount4,12.0,-8.0,0.5769,-2.605,5.769,0.2532,4,True,-1,,1,2125.1,3770.2,44.8,False,0.0,0.0,False,685.3,99.2,0.935,288.2,511.1,466.7,15220.1,strike_001_p15ms.jpg
mount4,12.0,-8.0,0.5769,-2.605,5.769,0.2532,4,True,-1,,2,2076.3,3823.9,40.6,False,0.0,0.0,False,558.4,80.8,0.948,288.1,510.8,465.9,19509.2,strike_002_p15ms.jpg
mount4,12.0,-8.0,0.5769,-2.605,5.769,0.2532,4,True,-1,,3,2041.0,3705.0,42.5,False,0.0,0.0,False,558.9,80.9,0.943,288.3,466.0,511.4,21154.9,strike_003_p15ms.jpg
mount4,12.0,-12.0,0.6788,-2.605,5.769,0.2532,4,True,-1,,1,-2465.1,4538.8,44.9,False,0.0,0.0,False,502.6,72.8,0.952,288.6,510.8,464.6,18526.4,strike_001_p15ms.jpg
mount4,12.0,-12.0,0.6788,-2.605,5.769,0.2532,4,True,-1,,2,-2466.9,4554.1,45.6,False,0.0,0.0,False,506.2,73.3,0.943,288.8,511.7,,19827.9,strike_002_p15ms.jpg
mount4,12.0,-12.0,0.6788,-2.605,5.769,0.2532,4,True,-1,,3,-2417.4,4483.5,43.0,False,0.0,0.0,False,369.5,53.5,0.975,288.7,510.9,,29367.3,strike_003_p15ms.jpg
mount4,12.0,-16.0,0.8,-2.605,5.769,0.2532,4,True,-1,,1,-2417.9,4196.8,46.9,False,0.0,0.0,False,432.7,62.6,0.97,289.1,511.9,558.3,20101.8,strike_001_p15ms.jpg
mount4,12.0,-16.0,0.8,-2.605,5.769,0.2532,4,True,-1,,2,-2448.9,4362.5,45.7,False,0.0,0.0,False,418.8,60.6,0.971,289.2,509.8,,22510.6,strike_002_p15ms.jpg
mount4,12.0,-16.0,0.8,-2.605,5.769,0.2532,4,True,-1,,3,-2229.0,4257.3,42.5,False,0.0,0.0,False,373.5,54.1,0.981,289.2,511.0,462.2,32889.2,strike_003_p15ms.jpg
mount4,16.0,0.0,0.64,5.926,1.95,0.2495,5,True,-1,,1,2479.7,3637.0,39.5,True,3.12,2.0,False,211.1,30.6,0.99,288.9,315.6,467.7,32571.7,strike_001_p15ms.jpg
mount4,16.0,0.0,0.64,5.926,1.95,0.2495,5,True,-1,,2,2480.6,3630.3,40.2,True,3.12,2.0,False,232.6,33.7,0.995,288.7,316.0,468.5,34583.1,strike_002_p15ms.jpg
mount4,16.0,0.0,0.64,5.926,1.95,0.2495,5,True,-1,,3,2492.4,4172.6,31.7,True,9.62,5.62,False,740.9,107.3,0.953,288.5,468.5,858.6,80588.0,strike_003_p15ms.jpg
mount4,16.0,-4.0,0.6597,5.926,1.95,0.2495,5,True,-1,,1,2480.8,3593.7,41.6,True,1.75,1.75,False,600.6,86.9,0.949,288.9,862.6,,28939.4,strike_001_p15ms.jpg
mount4,16.0,-4.0,0.6597,5.926,1.95,0.2495,5,True,-1,,2,2487.0,3889.4,39.3,True,4.88,1.88,False,727.8,105.4,0.957,288.7,468.7,838.0,48961.1,strike_002_p15ms.jpg
mount4,16.0,-4.0,0.6597,5.926,1.95,0.2495,5,True,-1,,3,2483.7,3477.1,40.6,True,1.75,1.75,False,228.6,33.1,0.981,288.8,316.7,462.5,23890.8,strike_003_p15ms.jpg
mount4,16.0,-8.0,0.7155,-2.605,5.769,0.2532,4,True,-1,,1,-1715.8,3019.3,43.1,False,0.0,0.0,False,518.6,75.1,0.968,288.8,465.8,,17997.3,strike_001_p15ms.jpg
mount4,16.0,-8.0,0.7155,-2.605,5.769,0.2532,4,True,-1,,2,-1835.6,3629.2,42.8,False,0.0,0.0,False,383.0,55.4,0.975,288.9,510.6,468.5,37561.6,strike_002_p15ms.jpg
mount4,16.0,-8.0,0.7155,-2.605,5.769,0.2532,4,True,-1,,3,-1901.3,3688.4,42.7,False,0.0,0.0,False,388.3,56.2,0.975,288.9,465.5,511.7,37707.9,strike_003_p15ms.jpg
mount4,16.0,-12.0,0.8,-2.605,5.769,0.2532,4,True,-1,,1,-2466.0,4201.4,45.3,False,0.0,0.0,False,374.1,54.2,0.983,289.3,511.3,469.3,37675.9,strike_001_p15ms.jpg
mount4,16.0,-12.0,0.8,-2.605,5.769,0.2532,4,True,-1,,2,-2464.2,4215.2,45.6,False,0.0,0.0,False,374.5,54.2,0.981,289.3,466.3,511.7,38358.4,strike_002_p15ms.jpg
mount4,16.0,-12.0,0.8,-2.605,5.769,0.2532,4,True,-1,,3,-1723.7,3126.7,43.7,False,0.0,0.0,False,435.6,63.1,0.973,289.2,509.3,,28578.7,strike_003_p15ms.jpg
mount4,16.0,-16.0,0.9051,-2.605,5.769,0.2532,4,True,-1,,1,-2073.7,3711.7,44.9,False,0.0,0.0,False,484.6,70.1,0.986,289.7,506.4,873.2,20456.1,strike_001_p15ms.jpg
mount4,16.0,-16.0,0.9051,-2.605,5.769,0.2532,4,True,-1,,2,-2066.1,3601.7,44.4,False,0.0,0.0,False,586.4,84.9,0.98,289.8,510.0,,13068.9,strike_002_p15ms.jpg
mount4,16.0,-16.0,0.9051,-2.605,5.769,0.2532,4,True,-1,,3,-2070.1,3882.1,44.8,False,0.0,0.0,False,763.8,110.6,0.946,510.6,289.3,467.2,9032.9,strike_003_p15ms.jpg
mount4,20.0,0.0,0.8,5.926,1.95,0.2495,5,True,-1,,1,1839.6,2484.9,42.7,False,0.0,0.0,False,612.2,88.6,0.88,289.7,468.3,663.0,12204.2,strike_001_p15ms.jpg
mount4,20.0,0.0,0.8,5.926,1.95,0.2495,5,False,-1,,2,509.3,789.8,31.4,False,0.0,0.0,False,904.2,130.9,0.898,291.6,,,241.1,strike_002_p15ms.jpg
mount4,20.0,0.0,0.8,5.926,1.95,0.2495,5,True,-1,,3,2481.5,4326.4,36.2,True,4.75,2.0,False,564.8,81.8,0.962,289.8,581.4,,65168.9,strike_003_p15ms.jpg
mount4,20.0,0.0,0.8,5.926,1.95,0.2495,5,True,-1,,4,2480.6,4335.3,35.7,True,4.88,1.88,False,523.5,75.8,0.966,289.8,582.9,,69704.2,strike_004_p15ms.jpg
mount4,20.0,-4.0,0.8158,5.926,1.95,0.2495,5,True,-1,,1,1736.4,2642.8,40.2,False,0.0,0.0,False,648.6,93.9,0.951,289.7,470.2,691.2,12391.5,strike_001_p15ms.jpg
mount4,20.0,-4.0,0.8158,5.926,1.95,0.2495,5,True,-1,,2,1721.9,2584.1,42.4,False,0.0,0.0,False,607.3,87.9,0.956,289.8,317.1,469.6,12154.8,strike_002_p15ms.jpg
mount4,20.0,-4.0,0.8158,5.926,1.95,0.2495,5,True,-1,,3,1762.7,2643.6,38.8,False,0.0,0.0,False,701.1,101.5,0.94,289.9,653.2,160.1,10467.2,strike_003_p15ms.jpg
mount4,20.0,-8.0,0.8616,5.926,1.95,0.2495,5,True,-1,,1,1801.5,2990.7,42.5,False,0.0,0.0,False,452.2,65.5,0.958,289.9,315.9,468.0,18553.6,strike_001_p15ms.jpg
mount4,20.0,-8.0,0.8616,5.926,1.95,0.2495,5,True,-1,,2,1746.3,2949.0,43.4,False,0.0,0.0,False,477.2,69.1,0.967,289.9,100.0,,18736.9,strike_002_p15ms.jpg
mount4,20.0,-8.0,0.8616,5.926,1.95,0.2495,5,True,-1,,3,1744.7,2858.8,40.8,False,0.0,0.0,False,403.5,58.4,0.97,289.9,316.0,581.2,16266.7,strike_003_p15ms.jpg
mount4,-0.0,0.0,0.0,0.645,0.162,0.0266,1,True,-1,,1,-2515.4,4897.5,28.0,True,16.0,14.62,False,537.1,77.8,0.916,288.2,,,91294.7,strike_001_p15ms.jpg
mount4,-0.0,0.0,0.0,0.645,0.162,0.0266,1,True,-1,,2,-2514.2,4935.3,28.2,True,16.0,16.0,False,501.9,72.7,0.917,288.1,,,90940.2,strike_002_p15ms.jpg
mount4,-0.0,0.0,0.0,0.645,0.162,0.0266,1,True,-1,,3,-2522.4,4944.1,28.8,True,17.0,14.75,False,236.2,34.2,0.729,288.1,,,99043.3,strike_003_p15ms.jpg
mount4,-0.0,-4.0,0.16,0.645,0.162,0.0266,1,False,-1,,1,-2485.2,4944.8,33.2,True,15.0,13.0,False,477.7,69.1,0.841,287.9,318.3,,96750.7,strike_001_p15ms.jpg
mount4,-0.0,-4.0,0.16,0.645,0.162,0.0266,1,True,-1,,2,-2493.1,4944.8,31.4,True,15.75,15.75,False,258.4,37.4,0.934,288.1,,,99408.0,strike_002_p15ms.jpg
mount4,-0.0,-4.0,0.16,0.645,0.162,0.0266,1,True,-1,,3,-2472.4,4944.8,35.7,True,16.0,16.0,False,460.2,66.6,0.857,287.8,507.3,,119205.6,strike_003_p15ms.jpg
mount4,-0.0,-4.0,0.16,0.645,0.162,0.0266,1,True,-1,,4,-2495.6,4944.8,35.3,True,16.5,11.25,False,341.6,49.4,0.899,288.1,509.4,,98736.9,strike_004_p15ms.jpg
mount4,-0.0,-8.0,0.32,-2.605,5.769,0.2532,4,True,-1,,1,2487.6,4701.2,36.2,True,8.25,2.25,False,213.4,30.9,0.978,287.7,508.0,,76416.8,strike_001_p15ms.jpg
mount4,-0.0,-8.0,0.32,-2.605,5.769,0.2532,4,True,-1,,2,2490.2,4377.4,35.1,True,8.25,2.25,False,222.1,32.2,0.989,287.7,508.8,,69170.4,strike_002_p15ms.jpg
mount4,-0.0,-8.0,0.32,-2.605,5.769,0.2532,4,True,-1,,3,2486.1,4654.5,34.8,True,7.38,2.12,False,220.5,31.9,0.972,287.7,507.7,557.7,74269.7,strike_003_p15ms.jpg
mount4,-0.0,-12.0,0.48,-2.605,5.769,0.2532,4,True,-1,,1,2481.5,4545.3,38.7,True,2.38,1.38,False,231.1,33.5,0.993,288.0,511.1,,53453.7,strike_001_p15ms.jpg
mount4,-0.0,-12.0,0.48,-2.605,5.769,0.2532,4,True,-1,,2,2479.6,4494.9,38.2,True,3.75,1.38,False,228.6,33.1,0.992,288.0,508.5,,53252.2,strike_002_p15ms.jpg
mount4,-0.0,-12.0,0.48,-2.605,5.769,0.2532,4,True,-1,,3,2478.2,4256.9,37.5,True,2.25,1.38,False,224.0,32.4,0.985,288.0,508.9,,46968.7,strike_003_p15ms.jpg
mount4,-0.0,-16.0,0.64,-2.605,5.769,0.2532,4,True,-1,,1,1969.5,3359.5,43.8,False,0.0,0.0,False,746.9,108.1,0.945,288.2,509.9,,10719.9,strike_001_p15ms.jpg
mount4,-0.0,-16.0,0.64,-2.605,5.769,0.2532,4,True,-1,,2,2008.3,3393.0,43.9,False,0.0,0.0,False,676.3,97.9,0.95,288.2,510.1,,11233.5,strike_002_p15ms.jpg
mount4,-0.0,-16.0,0.64,-2.605,5.769,0.2532,4,True,-1,,3,1968.2,3352.1,42.1,False,0.0,0.0,False,648.9,93.9,0.945,288.3,510.4,,12294.7,strike_003_p15ms.jpg
mount4,-0.0,-20.0,0.8,-2.605,5.769,0.2532,4,True,-1,,1,-1650.0,3026.1,41.4,False,0.0,0.0,False,372.1,53.9,0.979,289.0,506.2,558.1,21192.8,strike_001_p15ms.jpg
mount4,-0.0,-20.0,0.8,-2.605,5.769,0.2532,4,True,-1,,2,1782.6,3563.2,41.8,False,0.0,0.0,False,338.6,49.0,0.989,289.1,511.5,556.3,33844.6,strike_002_p15ms.jpg
mount4,-0.0,-20.0,0.8,-2.605,5.769,0.2532,4,True,-1,,3,-1706.0,3368.9,43.5,False,0.0,0.0,False,325.3,47.1,0.991,289.2,510.8,465.1,33046.2,strike_003_p15ms.jpg
